id,question,choice1,choice2,choice3,choice4,explanation,img,category
1-1,令和4年の日本の出産数に最も近いのはどれか,７７万人,５７万人,９７万人,１１７万人,正解：７７万人\n令和４年度の人口動態統計によると日本の出生数は７７万７５９人であり明治３２年の人口動態調査開始以来最少となった。第１１４回全国公開模擬試験にあります。,img/1-1.png,必修
1-2,令和元年の国民健康・栄養調査における１日の平均睡眠時間で最も多いのはどれか,6時間以上7時間未満,5時間未満,8時間以上9時間未満,9時間以上,正解：6時間以上7時間未満\n令和元年度の国民健康・栄養調査によると1日平均睡眠時間は6時間以上7時間未満の割合が最も高く男性32.7％、女性は36.2％です。第１１４回全国公開模擬試験にあります。,img/1-2.png,必修
1-3,仕事と生活の調和憲章で正しいのはどれか,多様な生き方が選択・実現できる社会を目指している,女性の社会進出を促進するために策定された,パートタイム労働者については言及していない,厚生労働省により提案された,正解：多様な生き方が選択・実現できる社会を目指している\nワークライフバランスは内閣府が推進していいます。姓や年齢などにかかわらず、だれもが自らの意欲と能力を持って様々な働き方や生き方に挑戦できるよう推定されました。短時間労働者及び有期雇用労働者の雇用管理の改善等に関する法律など、パートタイム労働者の働き方について改善策も展開しています。関係閣僚、経済界、労働界、地方公共団体の代表等から構成される仕事と生活の調和推進官民トップ会議において策定されました。第１１４回全国公開模擬試験にあります。,img/1-3.png,必修
1-4,介護保険で正しいのはどれか,要介護1は介護給付の対象となる,65歳以上の実が給付を受けられる,在宅の改修は給付されない,要支援2は介護給付の対象となる,正解：要介護1は介護給付の対象となる\n介護保険は40歳以上65歳未満の第二号被保険者は海嶺に伴う疾病が原因で要介護・要支援認定を受けた場合、給付の対象となります。一定の条件を満たす要介護・要支援者の住宅改修に給付されます。要支援1～2は予防給付の対象となります。要介護1～5は介護きゅふの対象となります。第１１４回全国公開模擬試験にあります。,img/1-4.png,必修
1-5,大泉門が閉鎖する時期はどれか,1歳6か月頃,2～3か月頃,6か月頃,2～3歳頃,正解：1歳6か月頃\n大泉門は初めの数か月は増大するがその後は収縮して1歳6か月頃までは閉鎖します。第１１４回全国公開模擬試験にあります。,img/1-5.png,必修
1-6,令和4年度の全国体力・運動習慣等調査の結果で正しいのはどれか,ちょう座体前屈は男女ともに向上した,体力合計点は男女ともに上昇した,肥満の割合は男女ともに低下した,上体起こしは男女ともに向上した,正解：長座体前屈は男女ともに向上した\n体力合計点は令和元年度調査から連続して小中学生男女ともに低下しました。小中学生の男女ともに肥満の割合は増加しています。上体起こしの能力は低下しています。第１１４回全国公開模擬試験にあります。,img/1-6.png,必修
1-7,疾病が患者・家族に与える心理・社会影響の説明で適切なのはどれか,患者の回復意欲は家族のかかわり方により変化する,患者の疾病のとらえ方はどの家族でも同じである,家族の1人が健康を害したとき他の家族の役割に変化はしない,経済的負担は影響しない,正解：患者の回復意欲は家族のかかわり方により変化する\n家族の一人が健康を害したとき価値観や生活様式の違う各各の家族によってその疾病のとらえ方は異なり、家族は援助や介護をする役割が増え家族間での役割交代が生じる可能性があります。家族の一人が健康を害したとき入院費、治療費など患者にかかる費用だけでなく、患者を取り巻く家族の経済的な負担も派生し、心理社会的にも影響を与える。第１１４回全国公開模擬試験にあります。,img/1-7.png,必修
1-8,細胞性免疫で正しいのはどれか,Ｔ細胞が関与する,Ｂ細胞が関与する,免疫抗体と補体が関与する,直ちに非自己の排除が行われる,正解：T細胞が関与する\n細胞性免疫は細胞の内に入り込んだ病原体そのものやウイルス感染細胞、がん細胞などの異物として排除サウル免疫機構で細胞傷害性T細胞やマクロファージなどが行う。体液中に放出された抗体や保体による異物の排除は液性免疫といいます。B細胞は液性免疫に関与します。免疫抗体は液性免疫です。直ちに免疫反応が起こるのは液性免疫です。第１１４回全国公開模擬試験にあります。,img/1-8.png,必修
1-9,排尿時に収縮するのはどれか,排尿筋,内尿道括約筋,外尿道括約筋,尿管,正解：排尿筋\n排尿時、は内・外尿道括約筋は弛緩します。尿管は平滑筋からなる長さ20～30ｃｍの管です。尿は尿管の平滑筋の蠕動運動によって膀胱へと移動します。第１１４回全国公開模擬試験にあります。,img/1-9.png,必修
1-10,脳死半手にに必要な検査はどれか,脳波検査,聴覚検査,心電図検査,筋電図検査,正解：脳波検査\n脳死の判断は瞳孔の散大、脳幹反射消失、無呼吸などが対象となり、二回の判定が行われます。第１１４回全国公開模擬試験にあります。,img/1-10.png,必修
1-11,吐血の主な特徴はどれか,酸性である,肺や気管支などから出血が要因である,神経原性ショックに陥る,喀痰を伴う,正解：酸性である\n肺や気管支からの出血、咳嗽は喀血の症状です。吐血は上部消化管からの出血です。大量に血液を履いた場合は循環血液減少性ショックに陥る可能性があります。第１１４回全国公開模擬試験にあります。,img/1-11.png,必修
1-12,リズム不整があるのはどれか,3度房室ブロック,ペースメーカーを挿入している状態,洞性頻脈,洞性徐脈,正解：3度房室ブロック\nペースメーカーは洞調律を司ります。洞調律で心拍数が100回/分以上を洞性頻脈、60回/分未満を洞性徐脈といいます。第１１４回全国公開模擬試験にあります。,img/1-12.png,必修
1-13,頻回の嘔吐で生じやすいのはどれか,代謝性アルカローシス,体重増加,呼吸性アルカローシス,貧血,正解：代謝性アルカローシス\n頻回な嘔吐により体重は低下します。呼吸性アルカローシスは過換気症候群などにより必要以上にCO2が排出され動脈血二酸化炭素分圧が低下、ｐｈが上昇した状態をいいます。嘔吐時に大量の吐血などがなければ貧血は起こりません。第１１４回全国公開模擬試験にあります。,img/1-13.png,必修
1-14,ループ利尿薬の使用により最も影響を受ける電解質はどれか,カリウム,カルシウム,リン,クロール,正解：カリウム\n一部のサイアザイド利尿薬により高カルシウム血症が見られることがありますが、ループ利尿薬ではカルシウムに影響が少ないです。リンはループ利尿薬により影響は少ないです。ループ利尿薬は主にヘンレ上行脚で原尿からのナトリウム、カリウム、クロールの再吸収を阻害しそれに伴う水の排泄を促進するがナトリウム、クロールの低下には園医尿細管で代償作用が働くため影響は少ないです。カリウムは摂取量が少ないと低カリウム血症が見られることがあります。第１１４回全国公開模擬試験にあります。,img/1-14,必修
1-15,成人の血圧測定に用いる上腕用マンシェットの幅で最も適切なのはどれか,14㎝,4㎝,24㎝,34㎝,正解：14㎝\nマンシェットの幅はJIS規格では成人14㎝、成人18㎝、9歳以上12㎝、6～9歳未満9cm、3～6歳未満7㎝、生後3か月～三歳未満5cm、生後3か月未満3㎝となっています。測定部位の周囲の長さの40％程度が適切な幅であるとされそれより幅が狭いと本来の測定値より高く幅が狭いと低くなります。第１１４回全国公開模擬試験にあります。,img/1-15.png,必修
1-16,右半身に麻痺がある患者の車いすへの移乗で最も適切なのはどれか,ベッドの左側にベッドに対して20～30度の角度で車いすを置く,ベッドの右側にベッドに対して20～30度の角度で車いすを置く,ベッドの左側にベッドに対して90度の角度で車いすを置く,看護師は患者の左側に立って介助する,正解：ベッドの左側にベッドのに対して20～30度の角度で車いすを置く\n車いすを患側に置くと患側から遠くなり患側の腕でひじ掛けをつかみにくいです。車いすのひじ掛けをつかむとき90度では遠くなるため車いすは斜めに置きます。看護師は患側である右側に立って介助します。第１１４回全国公開模擬試験にあります。,img/1-16.png,必修
1-17,整容について適切なのはどれか,活動意欲を高めることにつながる,行う時間は不規則でも構わない,重度の認知症の患者は整髪をしなくてもよい,利き腕にマヒがある患者の整容はすべて看護師が行う,正解：活動意欲を高めることにつながる\n患者の従来の生活時間を尊重し、できるだけ決まった時間に整容を行うことで生活のリズムが整うようになります。整容はすべての患者が日常的に行うことです。セルフケア能力に応じて可能な限り患者自身で整容を行えるように援助します。第１１４回全国公開模擬試験にあります。,img/1-17.png,必修
1-18,内視鏡の消毒薬はどれか,グルタラール,ベンザルコニウム塩化物,消毒用エタノール,ボビドンヨード,正解：グルタラール\n内視鏡の消毒には高水準の消毒薬が使用され、選択肢の中ではグルタラールが当てはまります。ベンザルコニウム塩化物は低水準の消毒薬で、消毒用エタノール、ボビドンヨードは中水準消毒薬です。第１１４回全国公開模擬試験にあります。,img/1-18.png,必修
1-19,中心静脈栄養法で正しいのはどれか,急な発熱はカテーテルからの感染を疑う,カテーテルの挿入部位は大腿静脈が最も多い,カテーテル挿入部を覆うドレッシング材は毎日交換する,持続的栄養投与により血糖値が安定する,正解：急な発熱はカテーテルからの感染を疑う\n中心静脈栄養法は長期にわたるため患者の動作の不便や感染リスクが少ないなどの理由から鎖骨下静脈からの挿入が最も多いです。穿刺時の乳び胸のリスクを避けるために右側が選択されることが多いです。挿入部の観察は毎日必要であるがドレッシング材の交換は滅菌ガーゼの場合は2日後と、滅菌透明フィルムの場合は少なくとも7日ごとの交換が推奨されます。高濃度の糖液を点滴することによって高血糖になりやすいため定期的に血糖値や尿糖の測定が必要です。第１１４回全国公開模擬試験にあります。,img/1-18.png,必修
1-20,静脈血採血での駆血帯の使用法で正しいのはどれか,駆血帯は採決部位より7～10㎝中枢側に巻く,駆血帯の装着時間は5分以内とする,駆血帯を巻いた後は力を入れて手を握ってもらう,採血針を抜いてから駆血帯を外す,正解：駆血帯は採決部位より7～10㎝中枢側に巻く\n駆血帯の装着時間は1分以内とします。駆血時間が長くなると血液の濃縮などにより検査データに影響が生じる場合があります。母指を中にして手を軽く握ってもらい、力を入れてもらう必要はありません。駆血帯をつけたまま抜針すると血液が抽出するため駆血帯を外してから採血心を抜きます。第１１４回全国公開模擬試験にあります。,img/1-20.png,必修
1-21,ボール型酸素流量系の目盛りの見方で正しいのはどれか,ボールの中心を見る,ボールの下縁を見る,ボールを上から中央に向けてみる,ボールを下から上縁に向けてみる,正解：ボールの中心を見る\nボール型の場合は浮子の中心と同じ高さでメモリを読みます。駒形の場合は浮子の上縁を読みます。第１１４回全国公開模擬試験にあります。,img/1-21.png,必修
1-22,自動体外式除細動器による電気的除細動の適応となるのはどれか,心室細動,房室ブロック,洞不全症候群,心室性期外収縮,正解：心室細動\n自動体外式除細動器は心房や心室の収縮が頻回、不規則、無秩序に起こって心臓の機能が障害されている場合、心臓に電気ショックを与えることにより心臓の移乗興奮を一気に抑制し、洞調律の回復を促す機器です。房室ブロックは徐脈性不整脈ではあるが無秩序な心臓収縮ではないためＡＥＤの適応とはなりません。洞不全症候群は洞結節の機能障害のために著しい洞性徐脈、洞停止、または洞性頻脈を起こす病態です。ＡＥＤの適応とはなりません。心室性期外収縮は心室筋で異常な電気興奮が発生するために生じる不整脈です。ＡＥＤの適応とはなりません。第１１４回全国公開模擬試験にあります。,img/1-22.png,必修
1-23,創傷の治療過程で線維芽細胞により肉芽組織が形成される時期はどれか,増殖期,炎症期,成熟期,乾燥期,正解：増殖期\n創傷期の治癒過程は出血凝固期、炎症期、増殖期、成熟期の順で進みます。炎症期は好中球やマクロファージが細菌や壊死組織を分解・貪食し、創を正常化する時期です。成熟期は創の上皮化が終了した後コラーゲン繊維芽変化して瘢痕組織となる時期です。創傷の治療過程に乾燥機はありません。第１１４回全国公開模擬試験にあります。,img/1-23.png,必修
1-24,キュプラーロスの死にゆく人の心理過程の順で正しいのはどれか,否認、怒り、取引、抑うつ、受容,否認、抑うつ、怒り、取引、受容,怒り、取引、否認、抑うつ、受容,怒り、抑うつ、取引、否認、受容,正解：否認、怒り、取引、抑うつ、受容\n否認とは死ぬことが受け入れられず打ち消そうとする段階です。怒りとはなぜ自分が死ななければならないのか怒りを持つ段階です。取引とは死なずに済むなら何かにすがろうと取引を考える段階です。抑うつは何もできなくなり、うつ状態になる段階です。受容は最終的に自分が死にゆくことを受け入れる段階です。第１１４回全国公開模擬試験にあります。,img/1-24.png,必修
1-25,特定健康診査の項目に当てはまるのはどれか,中性脂肪,脈拍,肺活量,視力,正解：中性脂肪\n特定健康診査は医療保険に加入している40～74歳のものを対象として毎年実施されます。内臓脂肪型肥満に着目した検査項目となっています。基本的な検査項目として、身体計測、血圧測定、脂質検査、肝機能検査、血糖検査、尿検査です。第１１４回全国公開模擬試験にあります。,img/1-25.png,必修
1-26,令和4年の日本総人口に最も近いのはどれか,1億2500万人,1億人,1億4500万人,1億6500万人,正解：1億2500万人\n令和4年の日本総ジオン港は約1億2494万7千人で12年連続で減少しています。第114回全国公開模擬試験にあります。,img/1-26.png,必修
1-27,令和4年の人口動態統計における妻の平均初婚年齢はどれか,29.7歳,25.7歳,29.7歳,31.7歳,正解：29.7歳\n令和4年の平均初婚年齢は夫31.1歳、妻29.7歳で夫婦ともに前年よりも上昇しました。第114回全国公開模擬試験にあります。,img/1-27.png,必修
1-28,令和元年の国民健康・栄養調査における男性の喫煙習慣の割合はどれか,27.1％,17.1％,37.1％,47.1％,正解：27.1％令和元年の国民健康・栄養調査における男性の喫煙習慣者の割合は27.1％である,img/1-28.png,必修
1-29,医療保険はどれか,被用者保険,労災保険,雇用保険,介護保険,正解：被用者保険\n医療保険は疾病、負傷、死亡、出産など短期的な経済的損失について保険きゅふをする制度です。被用者保険、国民健康保険、後期高齢者医療の3つの制度に大別されます。労災保険は業務上の自由や通勤による労働者の負傷、疾病、傷害、死亡などに対して存速克公正な保護をするために必要な保険きゅふを行う制度です。雇用保険は主に被保険者である労働者が失業した場合や雇用の継続が困難となる事由が生じた場合などに失業等給付を行い、求職活動をする間の生活保障と雇用の安定、再就職の援助を行う制度です。介護保険は高齢者の介護を社会全体で支え合う仕組みとして平成12年に創設された制度です。第１１４回全国公開模擬試験にあります。,img/1-29.png,必修
1-30,患者の自己決定を支援するために適切なのはどれか,患者の感情に注意を向ける,専門用語を用いて正確な説明をする,患者や家族の質問にはすべて医師が回答する,患者が不安になる情報を提供することは控える,正解：患者の表情など非言語的な表現にも目を向ける必要があります。患者や家族の理解度にあった分かりやすい表現で説明することが大切です。すべての医師が回答する必要はなく、各専門職の立場から適切に説明します。除法は偏らないよに攻勢に提供して自己決定を支援します。第１１４回全国公開模擬試験にあります。,img/1-30.png,必修
1-31,保険氏助産師看護師法で定められているのはどれか,保険師の名称独占,助産師の守秘義務,厚生労働大臣による准看護師への免許証の交付,診断書の交付,正解：保険師の名称独占\n助産師の守秘義務については刑法で定められています。准看護師への免許証交付について同法で定められていますが、都道府県知事が行います。診断書の交付は医師、歯科医師の義務であり、刑法で定められています。第１１４回全国公開模擬試験にあります。,img/1-32.png,必修
1-32,ＱＯＬについて適切なのはどれか,自分らしく納得のいく生活をしている人はＱＯＬが高い,経済的に充実した生活をしている人はＱＯＬが高い,治療法はＱＯＬより治療効果の高さを優先して選択する,障害を持つ人は障害のない人よりＱＯＬが低い,正解：自分らしく納得のいく生活をしている人はＱＯＬ高い\nＱＯＬとは、身体的、精神的、社会的、経済的などすべてを統合した生活の質を意味します。例として、収入が多くなったらお金目当ての人ばかり寄ってきて人が信じられなくなったや、高所得者の親が子供の素行に悩んでいるなどのケースは経済的に充実していてもＱＯＬが高いとは言えない例です。治療効果とＱＯＬを考慮して患者に説明し、治療法を選択します。ＱＯＬの高さに障害の有無は関係ありません。第１１４回全国公開模擬試験にあります。,img/1-33.png,必修
1-33,乳幼児が「パパ、かいしゃ」「ジュース、ほしい」といった言葉を発するようになる年齢の目安として適切なのはどれか,2歳ころ,生後2～3か月ころ,1歳ころ,3歳ころ,正解：2歳ころ\n2歳ころになると、二語文を発するようになります。第１１４回全国公開模擬試験にあります。,img/1-33.png,必修
1-34,エリクソンＥ．Ｈの発達理論で青年期の発達課題はどれか,自我同一性の確立,基本的信頼,勤勉性,生殖性,正解：自我同一性の確立\n基本的信頼は乳児期の発達課題です。勤勉性は学童期の発達課題です。生殖性は押す年季の発達課題です。第１１４回全国公開模擬試験にあります。,img/1-34.png,必修
1-35,老年期に増加するのはどれか,末梢血管抵抗,尿濃縮力,糸球体濾過量,クレアチニン生産量,正解：末梢血管抵抗\n末梢位血管抵抗は増加し、血圧が上昇傾向となります。腎臓の尿濃縮力が低下するため夜間の排尿や排尿回数が増えます。糸球体濾過量は加齢に伴い低下します。クレアチニンは筋肉にあるクレアチニンの代謝産物でクレアチニン生産量は筋肉量に比例するため、老年期には筋肉量が減ることから生産量が減ることが多いです。第１１４回全国公開模擬試験にあります。,img/1-35.png,必修
1-36,医療法における病院の病床数はどれか,20床以上,19床以下,200床以上,400床以上,正解：20床以上\n19床以下もしくは入院施設を持たないものは診療所です。200床以上は地域医療支援病院、400床以上は特定機能病院です。第１１４回全国公開模擬試験にあります。,img/1-36.png,必修
1-37,胃液に含まれる消化酵素はどれか,ペプシン,アミラーゼ,マルターゼ,トリプシン,正解：ペプシン\nアミラーゼは唾液と膵臓から分泌され、でんぷんの消化酵素です。マルターゼは小腸から分泌される麦芽糖の消化酵素です。トリプシンは膵液に含まれるたんぱく質の消化酵素です。ペプシンは胃液に含まれるたんぱく質の消化酵素です。第１１４回全国公開模擬試験にあります。,img/1-37.png,必修
1-38,内分泌器官はどれか,膵臓,汗腺,乳腺,肝臓,正解：膵臓\n汗腺・乳腺は外分泌器官です。膵臓はホルモンを分泌しません。膵臓はランゲルハンス島のα細胞からグルカゴン、β細胞からインスリン、δ細胞からソマトスタチンを分泌する内分泌期間であり、消化酵素を含む膵液を分泌する外分泌器官でもあります。第１１４回全国公開模擬試験にあります。,img/1-38.png,必修
1-39,チアノーゼの原因で正しいのはどれか,還元ヘモグロビンの増加,酸化ヘモグロビンの増加,間接ビリルビンの増加,直接ビリルビンの増加,正解：還元ヘモグロビンの増加\nチアノーゼは還元ヘモグロビンが5g/dl以上になると出現します。皮膚や粘液が青紫色を示す状態をいいます。第１１４回全国公開模擬試験にあります。,img/1-39.png,必修
1-40,低体温が起こる疾病はどれか,甲状腺機能低下症,褐色細胞腫,原発性アルドステロン症,下垂体腺腫,正解：甲状腺機能低下症\n褐色細胞腫は副腎髄質または傍神経節のクロム親和性細胞から発症する腫瘍です。高血圧、動悸、頻脈などの症状をきたします。原発性アルドステロン症は副腎皮質からアルドステロンが過剰に分泌される疾患で高血圧や低カリウム血症などが起こります。下垂体腺腫は下垂体に発症する腫瘍でホルモン症状の見られる機能腺腫瘍とホルモン症状のなり非機能性腺腫があります。後者では視神経圧迫による視野障害が見られます。第１１４回全国公開模擬試験にあります。,img/1-40.png,必修
1-41,無尿の定義となる1日の尿量はどれか,100mL以下,400ml以下,1000mL以下,1500mL以下,正解：100mL以下\n無尿とは1日の尿量が100mL以下であることを指します。第１１４回全国公開模擬試験にあります。,img/1-41.png,必修
1-42,貧血の鑑別診断の指標で用いるのはどれか,ヘマトクリット値,BMI,白血球数,血小板数,正解：ヘマトクリット値\n貧血は血液の赤血球中にあるヘモグロビンが減少した状態です。貧血の鑑別診断には赤血球数、ヘモグロビン濃度、ヘマトクリット値が用いられます。BMIはやせ、肥満を簡易にスクリーニングする数値で貧血とは関係がありません。抗ガン薬などで白血球数が減少すると易感染となるが、貧血の指標ではありません。血小板数が移乗に減少すると出血傾向や死斑が見られるが貧血の指標ではありません。第１１４回全国公開模擬試験にあります。,img/1-41.png,必修
1-43,糖尿病治療薬はどれか,スルホニル尿素薬,H2受容体拮抗薬,アンジオテンシン変換酵素阻害薬,尿酸排泄促進薬,正解：スルホニル尿素薬\nH2受容体拮抗薬は消化性潰瘍治療薬です。アンジオテンシン変換酵素阻害薬は降圧薬です。尿酸排泄促進薬は高尿酸血症治療薬です。第１１４回全国公開模擬試験にあります。,img/1-43.png,必修
1-44,面接時の質問方法で開かれた質問はどれか,なぜ家に帰りたいのですか,家に帰りたいのですか,外出の許可は出ていますか,家族の方を呼びますか,正解：なぜ家に帰りたいのですか\n開かれた質問は自分の言葉で表現して答える質問をいいます。閉じた質問は「はい」「いいえ」で答えられるものをいいます。第１１４回全国公開模擬試験にあります。,img/1-44.png,必修
1-45,成人患者にグリセリン浣腸を行うとき、禁忌となる体位はどれか,立位,右側臥位,左側臥位,シムス位,正解：立位\n成人患者にグリセリン浣腸を行う場合は浣腸液が直腸から結腸へと腸の走行に沿って流入するよう、左側臥位で行います。立位は直腸穿孔の危険があるため禁忌です。第１１４回全国公開模擬試験にあります。,img/1-45.png,必修
1-46,入浴で適切なのはどれか,冬季の脱衣所の室温は22～26度が望ましい,食後1時間以内に入浴する,浴槽の湯の温度は42～43度が望ましい,浴槽につかる時間は40分以上とる,正解：冬季の脱衣所の室温は22～26度が望ましい\n食後1時間以内の入浴は消化管血流量の減少による消化不良を招く恐れがあります。浴槽の湯の温度は38～40度が望ましいです。湯の温度を42度以上にすると交感神経優位となり、心拍数や血圧の上昇を招く必要があります。長時間湯につかると疲労の原因になるため、浴槽につかる時間は5～10分程度とします。第１１４回全国公開模擬試験にあります。,img/1-46.png,必修
1-47,気管支喘息において吸入療法時の超音波ネブライザーの使用で正しいのはどれか,薬液の吸入後はうがいをする,使用時は浅く呼吸する,仰臥位で使用すると効果的である,加湿には水道水を使用する,正解：薬液の吸入後はうがいをする\n気道に届くように深く呼吸させます。横隔膜が下がり、吸入効果が高い座位または半座位で使用します。下気道は無菌であるため滅菌蒸留水や生理食塩水を使います。第１１４回全国公開模擬試験にあります。,img/1-47.png,必修

2-1,骨の構造と機能で正しいのはどれか,緻密室には骨の趙軸方向に走るハバース管がある,黄色骨髄は造血を行う,骨内には血管や神経はない,成人では長管骨にのみ造血機能がある,正解：緻密室には骨の趙軸方向に走るハバース管がある\n骨辞意は海面室及び髄注の隙間を満たしています。骨髄のうち造血機能のあるものを赤色骨髄といい黄色骨髄は脂肪に富むため造血機能はありません。新生児ではすべての骨髄が赤色骨髄であるが、そのほとんどは年齢とともに造血機能を失い成人の赤色骨髄は胸骨や椎骨など一部の骨にのみ残ります。第１１４回全国公開模擬試験にあります。,img/2-1.png,人体
2-2,嗅上皮の表面を覆う粘膜を分泌する腺はどれか,ボウマン腺,エクリン腺,アポクリン腺,バルトリン腺,正解：ボウマン腺\nエクリン腺は汗孔に開口する感染です。全身に分布し体温調節に関与します。アポクリン腺は汗腺の一つで腋窩や外陰部など分布するところが限られています。毛包に開口しています。カウパー腺は男性生殖器に存在する腺で尿道球腺です。バルトリン腺は女性生殖器に存在する腺で大前庭腺です。第１１４回全国公開模擬試験にあります。,img/2-2.png,人体
2-3,大腸で正しいのはどれか,水を吸収する,大腸液は酸性である,大腸内面には絨毛がある,上行結腸には腸間膜がある,正解：水を吸収する\n大腸液はアルカリ性です。内面に絨毛があるのは小腸です。腸間膜があるのは横行結腸とＳ字結腸です。虫垂が開口するのは盲腸です。第１１４回全国公開模擬試験にあります。,img/2-3.png,人体
2-4,胎生期に造血器官として働くのはどれか,肝臓,心臓,腎臓,膵臓,正解：肝臓\n血液の細胞成分を産生することを造血といいます。耐性初期には卵黄嚢、耐性中期には肝臓や脾臓が主に働きます。第１１４回全国公開模擬試験にあります。,img/2-4.png,人体
2-5,Ⅱ型・Ⅲ型アレルギーに関与する抗体はどれか,IgG,IgA,IgD,IgE,正解：IgG\nIgAは単量体及び2量体です。血清型と分泌型があり血清型IgAは単量体として血清中に少量存在し、分泌型IgAは単量体及び2量体として外分泌液中に存在します。IｇDは単量体です。その働きはよくわかっていません。IgEは単量体です。1型アレルギーに関与します。第１１４回全国公開模擬試験にあります。,img/2-5.png,人体
2-6,恒常性の維持や機能の調節に関与する主な器官系はどれか,内分泌系,循環器系,骨格筋系,感覚器系,正解：内分泌系\n恒常性とは環境が変化しても体内の内部環境を一定に保とうとする性質をいいます。これは自律神経系や内分泌系により調整されます。第１１４回全国公開模擬試験にあります。,img/2-6.png,人体
2-7,体液で正しいのはどれか,浮腫は間質液の増加した状態である,成人の体液量は体重の約15％を占める,新生児と高齢者の体重あたりの体液量は等しい,体液量を一定に保つのは主に肝臓の昨日である,正解：浮腫は間質液の増加した状態である\n成人の体液っ量は体重の約60％程度です。体液量を一定に保つのは主に腎臓の機能です。第１１４回全国公開模擬試験にあります。,img/2-7.png,人体
2-8,細胞周期で細胞分裂をしている時期はどれか,M期,G2期,G0期,S期,正解：M期\nM期は分裂期で前期、後期・周期に分けられます。M期以外は間期と呼ばれます。G2期は分裂準備期です。G0期は制止期であり、細胞周期から外れた、または分裂を止めている状態です。G1期はDNA合成準備期です。S期はDNAを複製するDNA合成期です。第１１４回全国公開模擬試験にあります。,img/2-8.png,人体
2-9,視床下部の機能はどれか,体温調節中枢,嘔吐中枢,嚥下中枢,呼吸中枢,正解：体温調節中枢\n脳の下部、第三脳室の底部にある神経核群を視床下部といい、この底部に下垂体がつながっています。視床下部には自律神経中枢をはじめとする恒常性維持機能があります。視床下部には体温調節中枢の他、浸透圧中枢、性中枢、摂食中枢及び満腹中枢などがあります。嘔吐中枢、嚥下中枢、呼吸中枢は延髄にあります。延髄には生命の維持に極めて重要な中枢であり、呼吸数では呼吸中枢、呼吸運動と関係のある咳・くしゃみなどを司る中枢のほか、循環器では血管運動中枢、消化運動中枢、消化器では咀嚼・嚥下中枢・唾液分泌中枢などがあります。第１１４回全国公開模擬試験にあります。,img/2-9.png,人体
2-10,代謝経路のうち、細胞に酸素が十分に供給されない嫌気性回答はどれか,ビリルビン酸→乳酸,脂肪酸→アセチルコリン,グルコース→グリコーゲン,アミノ酸→ビリルビン酸,正解：ビリルビン酸→乳酸\nビリルビン酸→乳酸は嫌気性解凍の過程です。グルコースがビリルビン酸に変化した後に細胞への酸素の供給が十分でないと、ビルビン酸はミトコンドリア内へ取り込まれず、乳酸となります。脂肪酸からアセチルコリンを作る過程はβ酸化が起こる過程です。グルコースがグリコーゲンでは肝臓や筋肉でグリコーゲンの貯蔵を行う経路です。アミノ酸はビルビン酸はアミノ酸の異化経路の一つです。グルコースの合成に利用されるアミノ酸を糖原生アミノ酸といい、変換されたビルビン酸は糖新生の材料になります。第１１４回全国公開模擬試験にあります。,img/2-10.png,人体

3-1,モルヒネの副作用で正しいのはどれか,呼吸抑制,易感染傾向,高血糖,第８脳神経障害,正解：呼吸抑制\n易感染傾向や高血糖はステロイド性抗炎症薬などで見られる副作用です。第８脳神経障害はアミノグリコシド系抗菌薬で見られる副作用です。モルヒネの副作用には呼吸抑制のほかに悪心、嘔吐、便秘などがあります。第１１４回全国公開模擬試験にあります。,img/3-1.png,疾病
3-2,成人の頭部CT画像において鞍上部周囲に人手が他の高吸収域が認められている。この状態の患者が急性期に発症する主な症状はどれか,突然の激しい頭痛,歩行障害,精神活動の低下,尿失禁,正解：突然の激しい頭痛\n精神活動の低下、尿失禁は正常圧水頭症でよく見られる症状です。くも膜下出血の慢性期にはくもまっ架空における脳脊髄液准看・吸収障害によって脳室が拡大し、合併症として続発性正常圧水頭症を発症することがあります。くも膜下出血の急性期では「バットで殴られたような」突然の激しい頭痛などの症状が認められます。雲真っ赤出家腕は他に悪心、嘔吐、意識障害、けいれん、うっ血乳頭の出現といった頭蓋内圧亢進症や後部硬直、ケルニッヒ徴候陽性などの髄膜刺激症状などが見られます。第１１４回全国公開模擬試験にあります。,img/3-2.png,疾病が患者・家族に与える心理・社会影響の説明で適切なのはどれか
3-3,肺がんについて正しいのはどれか,日本では小細胞がんに比べて腺がんが多い,小細胞がんの増殖速度は緩脈である,大細胞がんでは扁平上皮への分化が見られる,腺がんは肺門部に好発する,正解：日本では小細胞がんニッ比べて腺がんが多い\n小細胞がんは増殖、信仰の早い肺がんであり、転移もしやすいです。大細胞がんは非小細胞がんのうち腺上皮や扁平上皮への分化が見られないものをいいます。洗顔は肺や末梢部に好発します。第１１４回全国公開模擬試験にあります。,img/3-3.png,疾病
3-4,血液の循環障害とその説明の組み合わせで正しいのはどれか,虚血ーーー流入する動脈血の量が減少した状態,充血ーーー局所の静脈血流が増加した状態,うっ血ーーー局所の動脈血流が増加した状態,血栓症ーーー血管内に流入した空気で毛関空が閉塞した状態,正解：虚血ーーー流入する動脈血の量が減少した状態\n充血とは局所の血管拡張によって動脈血流が増加した状態です。うっ血とは静脈から腎臓への還流が妨げられ、臓器や組織に静脈血流が増加した状態です。血栓症とは心臓や血管内で血液凝固が形成される状態です。第１１４回全国公開模擬試験にあります。,img/3-4.png,疾病
3-5,アレルギー性接触性皮膚炎で正しいのはどれか,4型アレルギーである,炎症は原因物質に限局して認められる,検査の一つにブリックテストがある,水泡は見られない,正解：４型アレルギーである\nアレルギー性接触性皮膚炎とは金属や化学物質などが抗原となり抗原抗体反応を起こす４型アレルギーです。アレルギー性接触性皮膚炎の炎症は原因物質が接触した部位をこえて認められます。湿疹反応や小水疱の形態などの症状が見られます。ブリックテストは主に１型アレルギーの検査に用いられます。接触性皮膚炎ではアレルゲン特定のためパッチテストを行います。通常の発疹は小水疱を含んでいることが多いです。第１１４回全国公開模擬試験にあります。,img/3-5.png,疾病
3-6,胃潰瘍の治療薬はどれか,プロトンポンプ阻害薬,カルシウム拮抗薬,リドカイン,非ステロイド性抗炎症薬,正解：プロトンポンプ阻害薬\nカルシウム拮抗薬は抗狭心症薬や高血圧治療薬として用いられます。グレープフルーツとの同時摂取が不可能となります。リドカインは不整脈治療薬が合成局所麻酔薬として用いられます。非ステロイド性抗炎症薬は副作用として消化性潰瘍やアスピリン喘息があります。胃粘膜保護作用が低下するため胃潰瘍のある患者の禁忌となります。第１１４回全国公開模擬試験にあります。,img/3-6.png,疾病
3-7,急性腎障害の腎前性腎不全の原因となるのはどれか,心筋梗塞,急性糸球体腎炎,薬物の中毒,尿管結石症,正解：心筋梗塞\n急性糸球体腎炎、薬物の中毒は腎性腎不全を起こします。尿管結石症により尿閉を生じた場合は腎後性腎不全を起こします。第１１４回全国公開模擬試験にあります。,img/3-7.png,疾病
3-8,薬剤耐性で正しいのはどれか,免疫力の低下は耐性菌による感染症を生じやすい,すべての抗生物質が効きにくくなることを薬剤耐性という,感染症状が落ち着けば薬が残っていても患者の判断で早めに中止する,日常生活でのうがいやマスクなどの感染対策をしても効果はない,正解：免疫力の低下は耐性菌による感染症を生じやすい\n薬剤耐性とは特定の薬剤がききにくくなります。または効かなくなることをいいます。耐性菌が増殖yすると抗菌薬がきかなくなり、感染症の治療が困難になります。抗生物質は医師の指示通りに飲み切ることが大切です。自己判断により途中で中止すると、薬効が減弱したり他の耐性菌を増殖させたりする原因となります。うがいやマスクをするなどの感染症対策は日和見感染、耐性菌による感染症を生じにくくさせるため、効果はあります。第１１４回全国公開模擬試験にあります。,img/3-8.png,疾病
3-9,弁膜症で正しいのはどれか,溶血性レンサ球菌の感染後に発症することがある,弁膜の開放が不完全な状態を閉鎖不全症という,心不全を起こすことはない,正解：溶血性レンサ球菌の感染後に発症することがある\n心臓には４つの便があります。便膜の変形によって便の作用が障害され、血流に異常を生じたものを弁膜症といいます。弁膜症には動脈硬化症、リウマチ症、感染性、先天性のものなどがあります。弁膜の開放が不完全な状態を狭窄症といい、弁膜の閉鎖が不完全で血流の逆流がある状タオをへいさふぜんしょうといいます。血流障害が悪化すると、心不全をおこす場合があります。第１１４回全国公開模擬試験にあります。,img/3-9.png,疾病
3-10,脂質異常症の診断基準に含まれるものはどれか,トリグリセリド,脂肪酸,モノグリセリド,リパーゼ,正解：トリグリセリド\n脂質異常症は血中のLDLコレステロールあるいはトリグリセリドが増加している状態、またはHDLコレステロールが減少している状態です。動脈の内側の壁にコレステロールを主体とした成分が沈着しやすくなり、動脈硬化を引き起こします。動脈硬化が進行すると血管内腔が狭窄・閉塞し、虚血性心疾患や閉塞性脳血管障害など、動脈の虚血リスクがたかくなります。診断基準としてはLDLコレステロール140㎎/dL以上、HDLコレステロール40㎎/dL未満、トリグリセリド：空腹時採血150㎎/dL随時採血175㎎/dL以上、Non-HDLコレステロール170㎎/dL以上となります。第１１４回全国公開模擬試験にあります。,img/3-10.png,疾病
3-11,緑内障について正しいのはどれか,房水の流出障害が原因となることが多い,水晶体の代謝障害である,硝子体の混濁が認められる,網膜の剥離が認められる,正解：房水の流出障害が原因となることが多い\n防水の流出障害は多くの緑内障で認められます。緑内障は日本における中途失明の原因の第１位です。水晶体の新陳代謝障害によって水晶体に混濁が生じるのは白内障です。硝子体の混濁はブドウ膜炎や糖尿病網膜症などで生じます。網膜の剥離は網膜剥離で認められます。第114回全国公開模擬試験にあります。,img/3-11.png,疾病

4-1,ノーマライゼーションの理念に最も近いのはどれか,高齢者、障碍者等の移動等の円滑化の促進に関する法律,健康日本21,がん対策推進基本計画,トータルヘルスプロモーションプラン,正解：高齢者、障碍者等の移動等の円滑化の促進に関する法律\nノーマライゼーションとは障害者や高齢者など社会的に不利になりやすい人がほかの人と同じように生活し、活動する社会が正常な姿であるとする考え方です。様々な法律に反映されています。健康日本21は、国民の健康を守り、生活の質を高めるための基本計画です。がん対策推進基本計画はがんの予防・早期発見・治療を目的としています。トータルヘルスプロモーションプランは、健康と福祉を総合的に推進する計画です。第１１４回全国公開模擬試験にあります。,img/4-1.png,社会
4-2,健康寿命の説明で正しいのはどれか,健康上、日常生活に規制のない期間,健康格差による寿命の差,０歳の平均余命,平均寿命,正解：健康上、日常生活に制限のない期間\n健康格差とは地域や社会経済状況の違いによる集団における健康状態の差のことです。健康格差の縮小に三桁取り組みを行っていくうえで健康寿命が最も重要な指標となります。平均余命とは該当年齢の時にあと何年生きることができるかの平均を示したものであります。すなわち0歳の平均余命とは平均寿命を指します。第１１４回全国公開模擬試験にあります。,img/4-2.png,社会
4-3,学校保健安全法に規定されているのはどれか,毎学年定期に児童生徒の健康診断を実施する,学校で給食を実施する,学校で体育を充実させる,学校で環境教育を推進する,正解：毎学年定期に児童生徒の保険診断を実施する\n学校での給食の実施は学校給食法に規定されています。学校給食法は学校給食及び学校給食を活用した食に関する指導の実施に関し、必要な事項を定め学校給食の普及充実及び学校における食育の推進を図ることを目的としています。学校での体育の充実はスポーツ基本法に規定されています。スポーツ基本法に基づき文部科学大臣が定めるスポーツに関する施策の総合的かつ計画的なス指針を図るための重要な指針として令和4年に第3期スポーツ基本計画が策定されます。学校での環境教育の推進は環境教育等による環境保全の取り組みの促進に関する法律により規定されています。この法律では環境教育とは持続可能な社会の構策を目指して、家庭、学校、職場、地域その他のあらゆる場において環境と社会、経済及び文化とのつながりその他環境の保全に土江の理解を深めるために行われる環境の保全に関する教育及び学習をいうと規定されています。第１１４回全国公開模擬試験にあります。,img/4-3.png,社会
4-4,終末期において、将来の意思決定の低下に備え今後の治療や療養について患者や家族とあらかじめ話し合い、患者の意思を最後まで尊重すると定義されているのはどれか,アドバンスケアプランニング,ノーマライゼーション,アドヒアランス,コンプライアンス,正解：アドバンスケアプランニング\nノーマライゼーションは障害者や高齢者が健常者と同じように生活し活動する社会が正常な姿であると定義されています。アドヒアランスとは患者が治療方針の決定に散瞳し積極的に治療に臨むことを意味します。コンプライアンスとは患者が医療従事者の指示に従った行動をとることを意味します。第１１４回全国公開模擬試験にあります。,img/4-4.png,社会
4-5,児童相談所について正しいのはどれか,非行に関する相談を行けている,児童相談所は各市町村に一か所設置されている,障害児福祉手帳の申請窓口である,療育の給付の決定を行う,正解：非行に関する相談を受けている\n児童相談所は児童福祉法により各都道府県・政令指定都市に設置義務があります。障害児福祉手当は重度障碍児に対してその生涯のため必要となる精神的、物質的な特別の負担軽減の一助として手当てを支給することです。支給手続きは市区町村の窓口で行います。療育の給付は結核にかかっている児童に対し、療養に伏せて学習の援助を行う給付のことであり、都道府県知事が給付の決定を行います。第１１４回全国公開模擬試験にあります。,img/4-5.png,社会
4-6,女性の労働に対して労働基準法で定めているのはどれか,妊産婦には危険有害常務に就業制限がある,生理休暇が認められていない,妊産婦の時間外労働に関する規定はない,妊娠中の女性がほかの簡易な業務への転換希望を出しても業務を変えることはできない,正解：妊産婦には危険有害業務に就業制限がある\n生理尾の就業が著しく困難で女性から請求があった場合は休暇を取らせることができます。妊産婦が請求した倍は時間外労働をさせることができないと規定されています。妊娠中の女性が請求した場合には、ほかの簡易な業務に転換させなければならなりません。第１１４回全国公開模擬試験にあります。,img/4-6.png,社会
4-7,老人福祉法が規定する老人福祉施設はどれか,老人福祉センター,介護老人保健施設,地域包括支援センター,更生施設,正解：老人福祉センター\n介護老人福祉施設は介護保険法に規定される介護保険施設の一つです。地域包括支援センターは介護保険法に規定されている施設で地域住民の心身の健康の保持や生活の安全のため包括的支援事業や介護予防、日常生活支援総合事業などを実施する機関です。厚生施設は生活保護法に規定される保護施設の一つで身体上または精神上の理由により用語や生活指導を必要とするものを収容して、生活扶助を行うことを目的とする施設です。第１１４回全国公開模擬試験にあります。,img/4-7.png,社会
4-8,医療機関から排泄される血液の付着した注射針が該当するのはどれか,感染性産業廃棄物,PCB廃棄物,一般廃棄物,特定有害産業廃棄物,正解：感染性産業廃棄物\nPCB廃棄物とはPCBが含まれる塗布されている、付着している廃棄物です。一般廃棄物とは産業廃棄物以外の廃棄物といいます。特定有害産業廃棄物とは特別管理産業廃棄物の一種であり、特に有害性の高い物質あるいはそれらを含む廃棄物をさします。有害物質の基準を超えており、人の健康または生活環境に係る被害を生ずる恐れがあるものをいいます。第１１４回全国公開模擬試験にあります。,img/4-8.png,社会
4-9,看護師等の人材確保の促進に関する法律について正しいのはどれか,看護師の資質の向上を目的とする,この法律で看護師等とは看護師と准看護師の二つを指す,看護職員の確保対策の責任は日本看護協会が持つ,保健師免許の交付について規定されている,正解：看護師の資質の向上を目的とする\n看護師等の人材確保の促進に関する法律第2条で看護齲歯等は保健師、助産師、看護師、准看護師と定義されます。看護職員の確保対策の責任は地方公共団体がもつことになっています。保健師免許は保健師助産師看護師法に規定され、厚生労働大臣が交付します。第１１４回全国公開模擬試験にあります。,img/4-9.png,社会
4-10,令和4年の人口動態統計について正しいのはどれか,婚姻件数は前年より増加した,死亡数は前年より減少した,合計特殊出生率は前年より上昇した,自然増減数は前年より増加した,正解：婚姻件数は前年より増加した\n令和4年の婚姻件数は50万4930組で前年の50万1138組より3792組増加しました。令和4年度の死亡数は156万Ⅸ050人で前年の143万Ⅸ8⑤6人より12万9194人増加しました。令和4年の合計特殊出生率は1.26で前年の1.30より低下し、平成17年と並び過去最低となりました。自然増減数とは出生数から死亡数を引いた数値です。令和4年の自然増減数はマイナス79万8291人で前年のマイナス92万8234人より17万57人減少し、過去最大の減少幅となりました。第１１４回全国公開模擬試験にあります。,img/4-10.png,社会

5-1,健康の概念で正しいのはどれか,障害を持っていてもその人なりの健康がある,地域や文化による影響は少ない,健康と不健康とは不連続である,身体的健康が最も重要である,正解：障害を持っていてもその人なりの健康がある\nＷＨＯでは健康とは身体的・精神的及び社会的に完全に安寧を保っている状態をいうのであって単に病気や虚弱でないことではないと唱えられています。地域や文化が変われば健康の概念も変わります。健康と不健康ははっきり区別できず、連続的な関係です。第１１４回全国公開模擬試験にあります。,img/5-1.png,基礎
5-2,根拠に基づいた看護で最も正しいのはどれか,最適な医療の実践のために用いる,既存の看護業務基準を遵守する,先輩看護師の行動を模倣する,最適な医療の実施のために用いる,看護研究の推進のために用いる,正解：最適な医療の実施のために用いる\n根拠に基づいた看護はこれまで経験的知識で支えられてきたケア技術を研究によって得られたデータで裏付けしようとすることで最適な医療の実施を行うことを目的の一つとしています。看護研究の推進はEBNを明らかにする方法の一つであり現在では看護学とガン後実践が一丸となって目指すスローガンともなっている。第１１４回全国公開模擬試験にあります。,img/5-2.png,基礎
5-3,安静時におけるバイタルサインで異常と判断されるのはどれか,乳児　呼吸数50回/分,新生児　体温37.3度,60歳男性　心拍数70回/分,75歳女性　診察室血圧120/84ｍｍHg,正解：乳児　呼吸数50回/分\n正常な新生児の体温は36.5度～37.5度です。正常な乳児の呼吸数は30～40回/分であり50回/分は異常です。正常な成人の心拍数は60～80回/分です。診察室血圧の高血圧の基準は高齢者においても収縮期血圧140ｍｍHg異常、拡張期血圧90mmHg異常です。第１１４回全国公開模擬試験にあります。,img/5-3.png,基礎
5-4,温罨法の適応で正しいのはどれか,発熱時の悪寒,絞扼性腸閉塞による腹痛,痛風発作による疼痛,子宮復古不全時の子宮収縮,正解：発熱時の悪寒\n絞扼性腸閉塞では温罨法を行う腸蠕動運動が亢進し、腸管破裂のリスクがあるため禁忌です。痛風発作時は冷罨法を行い、疼痛緩和を図ります。子宮復古不全時は冷罨法を行うと子宮収縮が改善されます。第１１４回全国公開模擬試験にあります。,img/5-4.png,基礎
5-5,尿失禁の種類と対応の組み合わせで正しいのはどれか,腹圧性尿失禁ーーー骨盤底筋訓練,切迫性尿失禁ーーー下腹部へ軽く刺激を加える,溢󠄀流性尿失禁ーーートイレへの誘導,機能性尿失禁ーーー間欠的自己導尿,正解：腹圧性尿失禁ーーー骨盤底筋訓練\n切迫性尿失禁は脳血管障害などが原因となり、突然尿意を催し、尿失禁が起こります。徐々に排尿感覚を伸ばす膀胱訓練によって改善が見られます。溢流性尿失禁は前立腺肥大症などで尿閉が起こり、棒降圧の上昇とともに尿が漏れ出て失禁が起こる。疾病の治療によって改善がみられます。機能性尿失禁は認知症やＡＤＬ障害がありトイレの場所が理解できなかったり、排尿動作ができないことにより尿失禁が起こります。適時トイレ誘導などを行う必要があります。第１１４回全国公開模擬試験にあります。,img/5-5.png,基礎
5-6,運動習慣が身体に与える影響で正しいのはどれか,基礎代謝量の増加,耐糖能の低下,一回心拍出量の減少,肺活量の減少,正解：基礎代謝量の増加\n耐糖能とは血糖値が高いときに血糖値を正常に戻す働きです。運動習慣により耐糖能は上昇します。運動習慣により一回心拍出量は増加します。運動習慣により呼吸筋が鍛えられ呼吸機能が高まり肺活量は増加します。第１１４回全国公開模擬試験にあります。,img/5-6.png,基礎
5-7,CT検査で造影剤を使用することになった。もっと重篤なアレルギー症状はどれか,呼吸困難,蕁麻疹,注入時の熱感,嘔吐,正解：呼吸困難\n造影CT検査はヨード造影剤を静脈内注射して画像にコントラストをつけ、特定の臓器を映し出す方法です。造影剤によるアレルギー症状が起こる危険性があるため、患者の注意深く観察する必要があります。軽度のアレルギー症状では非心、蕁麻疹、嘔吐、吐き気、頭痛、注入時の発熱、冷や汗などがあります。重篤なアレルギー症状では呼吸困難、血圧低下、意識障害、心停止などがあります。第１１４回全国公開模擬試験にあります。,img/5-7.png,基礎
5-8,血糖自己測定で正しいのはどれか,使用済みの採血心はリキャップしない,静脈血採血が必ず必要である,毎回同じところを穿刺する,血糖の測定時間は患者が決める,正解：使用済みの採血心はリキャップしない\n血糖自己測定は一般に指先を穿刺し、実施します。近年では穿刺時の痛みの配慮から腕や大腿での測定が可能な機器などが開発され患者の生活形式に適した危機を選択できるようになっています。毎回同じところを穿刺すると皮膚が硬くなり採血しにくくなります。血糖自己測定の目的は惟日にの血糖値変化を把握することと、血糖が食事、運動、ストレスなどで大きく変動するためそれらの影響の程度を把握することにあります。そのため基本的には食事の前後や就寝前などに測定することが多いが個人差も大きいため測定結果をもとに主治医と測定時間を決めていきます。第１１４回全国公開模擬試験にあります。,img/5-7.png,基礎
5-9,医療にかかわる職種とその業務の組み合わせで最も適切なのはどれか,言語聴覚士ーーー嚥下訓練,社会福祉士ーーー装具の身体への適合,臨床工学士ーーー義歯の作成,介護支援専門員ーーー作業療法,正解：言語聴覚士ーーー嚥下訓練\n装具の身体への適合は義肢装具士の主な業務です。社会福祉士の主な業務は社会福祉の立場が患者や家族の抱える心理的・社会的な問題の解決・調整を援助し、退院調整や社会復帰の促進を図ることです。義歯の作成は歯科技工士の主な業務です。臨床工学技士の主な業務は医師の具体的な指示を受け診療の補助都市て厚生労働省で定める生命維持管理装置の操作及び保守検査を行うことです。介護支援専門員の主な業務は介護サービスの給付計画を作成し、他の介護サービス事業里の連携・調整などの取りまとめを行ことです。作業療法は作業療法士の主な業務で身体または精神に障害のあるものに対し主としてその応用的動作能力、社会適応能力の回復を図るため様々な作業を行わせることです。第１１４回全国公開模擬試験にあります。,img/5-8.png,基礎
5-10,看護師の対応で適切なのはどれか,娘と名乗る人物から入院中の母の容態を聞く電話があり「お答えできません」と回答した,患者の様子を知るため、許可なく患者の日記を見た,看護研究の資料で、患者の実名を記載した,認知症でコミュニケーションをとることが難しい患者に対し、説明せずに検査へ連れて行った,正解：娘と名乗る人物から入院中の母の容態を聞く電話があり、お答えできませんと回答した\nプライバシー保護の観点から患者の日記を許可なくみてはいけません。看護研究の使用は個人が特定できないようにしなければなりません。患者が理解できる言葉で話すひつようがあります。第１１４回全国公開模擬試験にあります。,img/5-10.png,基礎
5-11,看護過程における客観的情報はどれか,看護師が測定した患者の体温,体調が悪そうだという家族の話,おなかが痛いという患者の訴え,気分がよくなさそうだと看護師が感じた,正解：看護師が測定した患者の体温\n人によって感じる程度が違うため、客観的的情報にはなりません。気分がよくなさそうは主観的情報です。第１１４回全国公開模擬試験にあります。,img/5-11.png,基礎
5-12,持続的導尿中の感染予防対策として最も適切なのは度どれか,心機能や腎機能に問題がなければ、積極的に水分摂取をすすめる,体位変換をなるべく避ける,膀胱より高い位置に畜尿バックを置く,カテーテルの固定位置を毎日変更する,正解：心機能や腎機能に問題がなければ積極的に水分摂取をすすめる\n膀胱内に尿を貯留させないよう、体位変換は可能な肺で積極的に行います。尿を逆流させないよう、畜尿バックは常に膀胱よりも低い位置に置きます。カテーテルの固定位置の変更は尿道・皮膚障害の予防の為に行うものであり、感染予防対策ではありません。第１１４回全国公開模擬試験にあります。,img/5-12.png,基礎
5-13,看護師がHCV抗体陽性の患者の採決をした際に、指先に指してしまった。その後の対応で正しいのはどれか,HCV抗体と肝機能を定期的に検査する,HCVワクチンの接種を行う,針刺し事故の直後のボビドンヨードで指先を消毒する,ほかの患者の採決が多数残っていたため、すべて終えてから創部を流水で洗浄した,正解：HCV抗体と肝機能を定期的に検査する\n患者がHCV抗体陽性の場合は有効なワクチンなどの予防策はありません。患者がHBｓ抗体陽性である場合は看護師がＨＢｓ抗原・高耐陰性の場合は針刺し後24時間以内にＨＢ免疫グロブリン及びＨＢワクチンの接種を行います。針刺し事故が発生した場合、作業を中止し、直ちに針刺し創部を流水と石けんでよく洗浄します。その後、ポビドンヨードまたは消毒用エタノールで消毒します。第１１４回全国公開模擬試験にあります。,img/5-13.png,基礎
5-14,Aさん（83歳、男性）は脳梗塞の既往があり、食事中に時折むせることがある。誤嚥予防で正しいのはどれか,頸部を前屈するとよい,水分摂取を促す,流動食にする,食後は10分ほど座位を保持する,正解：頸部を前屈するとよい\n水分は誤嚥が起こりやすいためとろみをつけるといいです。流動食は食塊が作りにくく誤嚥を起こす可能性が高いです。食後は30分～1時間ほど座位または、ファウラー位を保持します。第１１４回全国公開模擬試験にあります。,img/5-14.png,基礎
5-15,薬剤と注意すべき食品について正しいのはどれか,テトラサイクリン系抗菌薬服用時に乳製品を摂取すると吸収不良となる,ワルファリン服用時はグレープフルーツの摂取を避ける,カルシウム拮抗薬服用時に納豆を摂取すると作用が減弱する,解熱鎮痛薬服用時にチーズやワインを摂取するとチラミン中毒を引き起こす,正解：テトラサイクリン系抗菌薬服用時に乳製品を摂取するとチラミン中毒を引き起こす\nワルファリン服用時はビタミンKを多く含む食品の摂取によってワルファリンの作用が減弱するため避ける必要があります。カルシウム拮抗薬服用時に注意すべき食品はグレープフルーツであり、同時に摂取することで作用が増強します。チラミン中毒はパーキンソン病やうつ病の治療薬であるモノアミン酸化酵素阻害薬、抗結核薬のイソニアジドの服用時にチーズやワインなどチアラミンを多く含む食品を摂取したときに起こります。第１１４回全国公開模擬試験にあります。,img/5-15.png,基礎
5-16,Aさん（３５歳男性）は仕事中に前腕を深く切ってしまい、大出血を起こしている。動脈の用手間接圧迫止血を行う部位で適切なのはどれか,上腕動脈,橈骨動脈,膝窩動脈,大腿動脈,正解：上腕動脈\n間接圧迫止血は出血部位より中枢側の動脈を手袋をした手で圧迫することにより止血を図る方法である出血が起こった場合、間接圧迫止血を行う部位は手指の場合は橈骨動脈、尺骨動脈で、前腕は上腕動脈、上腕は腋窩動脈、下肢は大腿動脈や膝窩動脈を圧迫します。第１１４回全国公開模擬試験にあります。,img/5-16.png,基礎
5-17,チームナーシングの説明で正しいのはどれか,患者を複数のグループに分け、各グループを専属の看護師チームが受け持つ,一人の看護師がその日受け持った患者の看護をすべて行う,看護業務を内容別に分類し、業務ごとに担当の看護師が実施する,一人の看護師が患者の入院から退院までを一貫して受け持つ,正解：患者を複数のグループに分け、各グループを専属の看護師チームが受け持つ\n一人の看護師が毎日異なる患者を受け持ち、その受け持ち患者のケアを行う方式は患者受け持ち方式といいます。与薬・検温など業務内容ごとに看護師を割り当て、それぞれの業務を担当の看護師が行う方式は機能別看護方式といいます。一人の看護師が患者の入院から退院まで継続して看護を行う方式はプライマリーナーシングといいます。第１１４回全国公開模擬試験にあります。,img/5-17.png,基礎
5-18,褥瘡予防で正しいのはどれか,圧抜きを行う,円座を使用する,栄養状態の把握は不要である,発赤がみられたらマッサージを行う,正解：圧抜きを行う\n同一体位が持続すると部位圧が上昇し褥瘡の発生リスクが高まります。圧抜きを行うことで部分圧を軽減させることができます。円座は部分的に皮膚に圧が加わることに加え循環を阻害することにより浮腫を引き起こしやすいため使用すべきではありません。低栄養状態は褥瘡発生の危険因子となります。血清アルブミン値、食事摂取量などから栄養状態を確認します。発赤部位はマッサージすると褥瘡が悪化するため行ってはいけません。第１１４回全国公開模擬試験にあります。,img/5-18.png,基礎

6-1,成人の身体的特徴で正しいのはどれか,40歳ころから目の遠近調節機能の低下を自覚する,女性では20歳代から骨量が急激に減少する,結晶性知能は25歳ごろをピークにその後徐々に低下する,胸腺は加齢とともに肥大する,正解：40歳ころから目の遠近調節機能の低下を自覚する\n女性は閉経後にエストロゲンが関係し骨量が急激に減少します。結晶性知能は経験の積み重なにより向上し高齢になっても維持されるといわれます。流動性知能は加齢に伴い低下します。胸腺の重量は思春期をピークにその後は徐々に減少し、成人期では萎縮が進行します。第114回全国公開模擬試験にあります。,img/6-1.png,成人
6-2,58歳女性。二年前からパーキンソン病と診断され内服治療を継続している。今回起立時にバランスを崩し転倒により頭部を打撲したため入院することとなった。検査の結果頭部に異常所見はなく骨折も認められなかった。入院二日後歩行リハビリテーションが開始となった。握力が弱く指先が変形している。適切な歩行補助具はどれか,サークル型歩行器,シルバーカー,固定型歩行器,松葉杖,正解：サークル型歩行器\nサークル型歩行器は肘で支えて動かすことができるため握力が少ない人には適しています。ただし、突進歩行の症状が強くみられる場合は止まりにくくなるため注意が必要です。シルバーカーはレバーを握りながら進みブレーキ操作も必要であるため握力が必要となります。固定型歩行器は両手で持ち上げ、前進するため筋力が必要となります。松葉図絵は左右どちらかの足の骨折や靭帯損傷などの場合に患側に負荷がかからないように使用します。第１１４回全国公開模擬試験にあります。,img/6-2.png,成人
6-3,胃切除術後の合併症について正しいのはどれか,ダンピング症候群の予防の為食事中の水分摂取を控える,ダンピング症候群による低血糖は食後３０分以内に起こりやすい,低血糖の予防の為糖質の摂取を増量する,貧血予防の為ビタミンDを投与する,正解：ダンピング症候群予防の為食事中の水分摂取を控える\nダンピング症候群は摂取した食物が急速に小腸内へ流入するために起こります。水分によって食物が一気に省庁に流し込まれないよう食事中の水分摂取は控える必要があります。食後３０分以内に起こりやすい早期ダンピング症候群は迷走神経反射、循環血液量減少による血圧低下や腸蠕動の亢進による腹痛・下痢など様々ン症状が起こります。低血糖症状を引き起こすのは後期ダンピング症候群です。後期ダンピング症候群は小腸内で食物が急速に吸収されることによるインスリンの過剰分泌によっておこります。インスリンの作用はしばらく持続するため食後２～３時間経過したころに低血糖となります。糖質制限食にすることはにより後期ダンピング症候群の予防ができます。ダンピング症候群の予防には一回の食事量を減らし５～６回/日の分割食とすることが推奨されます。胃切除による貧血予防にはビタミンB12の投与が有効です。第１１４回全国公開模擬試験にあります。,img/6-3.png,成人
6-4,慢性膵炎患者への生活指導で適切なのはどれか,禁酒・禁煙をするよう指導する,代償期では高脂肪食を推奨する,食欲があるときは消化酵素薬を中止してもよいと伝える,できるだけ安静にすることを推奨する,正解：禁酒・禁煙をするよう指導する\n慢性膵炎の第笑気では腹痛の治療が中心となり、ヒダイ笑気では消化吸収障害や内分泌機能障害に対する治療が必要となります。脂肪は水害分泌刺激作用が最も強い栄養素です。高脂肪食の摂取により腹痛が誘発されるため、代償期には低脂肪食が推奨されます。慢性膵炎では膵液の消化酵素の分泌が低下し、消化吸収障害が生じやすいです。消化吸収障害による脂肪便や体重減少が見られる場合は消化酵素薬が処方されます。食後すぐに内服できように指導することが大切です。急性膵炎では禁酒・禁煙指導が悪化予防の為に必要です。第１１４回全国公開模擬試験にあります。,img/6-4.png,成人
6-5,腎機能検査で正しいのはどれか,糸球体でのろ過機能が低下すると血清クレアチニン値は上昇する,尿の濃縮力が低下すると尿比重は上昇する,糸球体濾過性が低下すると蛋白尿が見られる,糸球体でのろ過機の鵜が低下すると推算糸球体ろ過量は上昇する,正解：糸球体での濾過機能が低下すると血清クレアチニン値は上昇する\n尿の濃縮力が低下すると希釈尿となり、尿比重は低下します。正常な膵臓では血液中のたんぱく質は子宮体でろ過されないため、正常尿にはたんぱく質は含まれません。糸球体透過性が亢進するとたんぱく質が糸球体でろ過されてしまい蛋白尿となります。ネフローゼ症候群、慢性糸球体腎炎などで糸球体透過性が亢進します。推算糸球体ろ過量は血清クレアチニン値、性別、年齢により算出されます。濾過機能が低下すると推算糸球体ろ過量は低下します。第１１４回全国公開模擬試験にあります。,img/6-5.png,成人
6-6,膀胱鏡検査で適切なのはどれか,無菌操作で行う,検査時の体位は骨盤高位である,内視鏡挿入時は息を止めてもらう,検査後１時間は水分摂取を制限する,正解：無菌操作で行う\n膀胱鏡検査とは、尿道から内視鏡を挿入し、ｊ暴行の炎症や腫瘍、結石などを観察する検査のことです。腫瘍が疑われるときにはその部分の組織を採取する生検が行われます。膀胱鏡検査は砕石位、仰臥位で行います。粘膜刺激をやわらげスムーズに挿入するために内視鏡挿入時には口呼吸を促し腹圧がかからないようにする。検査後は内視鏡挿入による刺激のため少量の出血や排尿痛、残尿感などが見られることがあります。数日で治りますが、その間は尿路感染予防の為循環機能に特に問題がなければ、1.5～2Ｌ/日の水分摂取を促します。第１１４回全国公開模擬試験にあります。,img/6-6.png,成人
6-7,38歳女性。子宮頸がんのため広汎子宮全摘出術を受け子宮付属器も摘出した。術後に排尿障害が見られたため、肝的導尿の指導を受け退院することになった。Ａさんの退院後の生活について看護師の説明で正しいのはどれか,尿の混濁や背部痛があったら受診しましょう,今後、更年期の症状は心配ありません。,2年間は性行為を避けてください,足のリンパ浮腫が悪化しないよう水分摂取を控えましょう,正解：尿の混濁や背部痛があったら受診しましょう\n子宮広汎摘出術は女性ホルモンが摘出されなくなるため更年期で見られるような症状が出現しやすいです。医師の診察により問題がなければ通常術後一か月程度で性行為が再開できます。尿路感染予防の為1.5～2Ｌ/日の水分摂取をすすめます。広汎子宮全摘手術後は下肢のリンパ浮腫が起こりやすいがリンパ浮腫の悪化予防としてスキンケア、肥満予防、下肢の挙上などについて指導します。第１１４回全国公開模擬試験にあります。,img/6-7.png,成人
6-8,32歳男性は身長170㎝体重64kgである。3週間前から腰痛が出現したが、様子を見ていた。本日腰痛に耐えられなくなり受診したところ、要椎間板ヘルニアと診断され保存療法で様子を見ることになった。生活指導として適切なのはどれか,前傾姿勢は避けてください,減量する必要があります,横になるときは膝を伸ばしてなるようにしましょう,ものを持ち上げるときは腰を曲げて持ちましょう,正解：前傾姿勢は避けてください\n腰椎椎間板ヘルニアに対しては非ステロイド性抗炎症薬や筋弛緩薬、神経ブロック薬などが使用されます。急性期は安静を保ち、薬物療法、理学療法を行います。この方のBMIは64/1.7*2にて22となります。通常体重であるため減量の必要があります。横になるときは膝と股関節を少し曲げた姿勢になるよう膝の下に枕を入れます。そうすることで腰部の負担が軽減します。物を持ち上げるときは腰を曲げずに膝を曲げて腰を落とします。第１１４回全国公開模擬試験にあります。,img/6-8.png,成人
6-9,結核性胸膜炎で入院した右下葉に供水が貯留している患者のアセスメントとして適切なのはどれか,左下葉より右下葉の呼吸音が減弱する,左下葉より右下葉の音声振盪が増強する,治療として抗ウイルス薬が投薬される,仰臥位にすることで呼吸が楽になる,正解：左下葉より右下葉の呼吸音が減弱する\n音声振盪とは胸壁面での患者の声の振動を手で感じる聴診法です。患者の低い声をはssっ制してもらい手掌の尺側を背部に密着させて振動を感じ取る胸水が貯留している場合音声振盪が減弱するため右下葉の音声振盪が減弱します。結核性胸膜炎の主な治療法は抗結核薬により薬物療法です。治療薬にはリファンピシン、イソニアジド、ピラジナミド、エタンポトールなどが用いられます。胸水貯留があるため肺拡張をしやすい体位、ファーラー位または起座位をすすめます。第１１４回全国公開模擬試験にあります。,img/6-9.png,成人
6-10,Aさん（４８歳男性、会社員）は自宅で突然発語がうまくできなくなり右半身の脱力による立ち上がれなくなった。妻がすぐに救急車を呼び、症状出現から約３０分後に救急外来へ搬送された。検査の結果、左中大脳動脈領域の脳梗塞と診断され入院した。来院時、ジャパンコーマスケール1-1瞳孔径は両側2.0ｍｍ。体温３６．８度、呼吸数18回/分、脈拍72回/分、整、血圧168/102ｍｍＨｇ、右上下肢にマヒがある。既往歴に特記することはない。妻によるとＡさんは以前から喫煙していたが、半年前に職場の部署を移動したからストレスや疲労を訴えることが多く、最近はたばこの本数が増えていたという。Aさんはrt-PA静脈内注射療法を行ったが改善が見られず、血栓除去のため脳血管内治療を受けた。治療時に大腿動脈からカテーテルが挿入され、抜去後は枕子を使用し刺入部の圧迫止血が行われている。脳血管内服治療直後の看護で適切なのはどれか,血圧上昇と徐脈がみられたら直ちに医師に報告する,４～６時間は右側臥位を保持させる,深部静脈血栓予防の為、股関節の他動運動を行わせる,椎骨動脈の拍動の左右差を確認する,正解：血圧上昇と徐脈がみられたら、直ちに医師の報告する\n大腿動脈からカテーテルを挿入した場合は刺入部の私立のため、４～６時間は仰臥位で安静を保持します。また、Aさんは右半身まひがあり、麻痺側が下になる右側臥位では褥瘡リスクが高くなるため適切ではありません。足関節の底背屈運動を行うことは深部静脈血栓症の予防となるが股関節はカテーテル刺入部の止血のため、４～６時間は進展させたままにします。止血のために動脈を圧迫しているため、末梢循環障害が生じる恐れがあります。大腿動脈より末梢の後脛骨動脈や足背動脈を触知し、拍動の左右差を確認する必要があります。椎骨動脈は脳への血液を運ぶ動脈の一つであり、体表面から触知することはできません。第１１４回全国公開模擬試験にあります。,img/6-10.png,成人
6-11,Aさん（４８歳男性、会社員）は自宅で突然発語がうまくできなくなり右半身の脱力による立ち上がれなくなった。妻がすぐに救急車を呼び、症状出現から約３０分後に救急外来へ搬送された。検査の結果、左中大脳動脈領域の脳梗塞と診断され入院した。来院時、ジャパンコーマスケール1-1瞳孔径は両側2.0ｍｍ。体温３６．８度、呼吸数18回/分、脈拍72回/分、整、血圧168/102ｍｍＨｇ、右上下肢にマヒがある。既往歴に特記することはない。妻によるとＡさんは以前から喫煙していたが、半年前に職場の部署を移動したからストレスや疲労を訴えることが多く、最近はたばこの本数が増えていたという。治療により梗塞部位の動脈血流は再開したがAさんには右半麻痺と運動性失語が残った。Aさんの失語の特徴と看護で適切なのはどれか,話そうと思う言葉がうまく出てこないため閉じられた質問を活用する,言葉を理解することが困難であるため、身振り手振りを大きくして伝える,言い間違いが多くなるためその都度訂正する,読み書きには問題がないため筆談を活用する,正解：話そうと思う言葉がうまく出てこないため、閉じられた質問を活用する\n運動性失語は言葉の理解は良好ですが、話したい言葉が出てこないため流ちょうに話すことができないことをいいます。言葉の理解が障害されるのは感覚性失語の特徴です。運動性失語では身振り、手振りを大きくしなくても伝わります。いい間違いをその都度訂正することは自尊心を傷つけることにつながるため、注意が必要です。運動性失語では言葉を理解することは可能ですが伝えたい言葉が出てこないため書くことも困難です。第１１４回全国公開模擬試験にあります。,img/6-11.png,成人
6-12,Aさん（４８歳男性、会社員）は自宅で突然発語がうまくできなくなり右半身の脱力による立ち上がれなくなった。妻がすぐに救急車を呼び、症状出現から約３０分後に救急外来へ搬送された。検査の結果、左中大脳動脈領域の脳梗塞と診断され入院した。来院時、ジャパンコーマスケール1-1瞳孔径は両側2.0ｍｍ。体温３６．８度、呼吸数18回/分、脈拍72回/分、整、血圧168/102ｍｍＨｇ、右上下肢にマヒがある。既往歴に特記することはない。妻によるとＡさんは以前から喫煙していたが、半年前に職場の部署を移動したからストレスや疲労を訴えることが多く、最近はたばこの本数が増えていたという。リハビリテーションによりAさんの右片麻痺と失語は日常生活に支障のない状態まで改善し、退院が決まった。Aさんにはアスピリンが処方されている。Aさんは看護師に「再発しないように気を付けないといけないで砂絵。仕事に復帰するのが心配です」と話した。看護師の返答で適切なのはどれか,仕事に復帰するにあたって、どのようなことが心配ですか,禁煙が難しい用なら電子タバコに変えましょう,納豆や青汁を摂取すると薬が効きにくくなるので避けましょう,病気を再発させないために部署を変動してはどうでしょうか,正解：禁煙は動脈硬化や脳梗塞再発の危険因子であるため、禁煙することが望ましいです。電子タバコが従来のタバコより脳梗塞のリスクが低い可能性はありますが十分な根拠がありません。Ａさんは血小板薬のアスピリンを内服しています。納豆や青汁などのビタミンＫを多く含む食品を控える必要があるのは抗凝固薬のワルファリンです。脳梗塞の再発びょぼうのためにはストレスと過労を避けることが望ましいです。看護師の考えを押し付けるのではなく、Ａさんが自己決定していけるようにかかわります。第１１４回全国公開模擬試験にあります。,img/6-12.png,成人
6-13,Ａさん（５５歳女性）は自宅で起こった火事で両下肢に寝ｓｓっ葉を負い、救急搬送された。病院到着時、体温37.0度、脈拍67回/分、血圧112/55ｍｍＨｇ、経皮的動脈血酸素飽和度96％であった。Aさんの両下肢は大腿部から下が焼けただれて黒褐色となり、皮膚の損傷は皮下組織にまで及んでいる状態であった。病院到着時のアセスメントで適切なのはどれか,脱水を生じる恐れがある,強い疼痛がある,熱傷の範囲は50％以上である,熱傷部位の洗浄は禁忌である,正解：脱水を生じる恐れがある\n事例状況から両下肢の熱傷はⅢ度です。三度の熱傷では感覚神経も障害されるため痛みは感じません。量大腿部から下から障害されているため、9の法則により約36％の熱傷と判断できます。熱傷に対する生体反応のうち、最も重要なものは体液動態の急激な変化です。熱傷による障害を受けた組織からヒスタミン、セロトニン、プロスタグランジン等が遊離され、全身の毛細血管の浸透性が亢進します。その結果血漿成分が血管外に漏出して循環血液量が減少します。同時に機能的細胞外液も減少し、非機能的細胞外液が増加し、浮腫を形成します。ことため広範囲熱傷患者を治療せずに放置せずに放置しておくと、血管内脱水が発症し低用量性ショックとなります。第１１４回全国公開模擬試験にあります。,img/6-13.png,成人
6-14,Ａさん（５５歳女性）は自宅で起こった火事で両下肢に寝ｓｓっ葉を負い、救急搬送された。病院到着時、体温37.0度、脈拍67回/分、血圧112/55ｍｍＨｇ、経皮的動脈血酸素飽和度96％であった。Aさんは外来処置後に入院治療が必要となった。入院後に下肢の浮腫が強く、足背動脈の触知が弱くなったため幻聴切開を行こととⅡなった。弦長切開処置前の説明で適切なのはどれか,浮腫による血管や神経で圧迫を解除するために行います。,痛み止めの注射をします。,出血したらガーゼで圧迫止血します。,切開すると早く治ります。,正解：浮腫による血管や神経の圧迫を解除するために行います。\nAさんは三度熱傷で痛みは感じないため、痛み止めの注射はしません。電気メスで直接切開し、同時に皮下組織の出血を凝固止血します。弦長切開はあくまで組織圧の減圧目的で行う治療であるため熱傷の治療促進とはなりません。第１１４回全国公開模擬試験にあります。,img/6-14.png,成人
6-15,Ａさん（５５歳女性）は自宅で起こった火事で両下肢に寝ｓｓっ葉を負い、救急搬送された。病院到着時、体温37.0度、脈拍67回/分、血圧112/55ｍｍＨｇ、経皮的動脈血酸素飽和度96％であった。今後Aさんには皮膚移植が行われることになっている。術後に生じる合併症として考えにくいのはどれか,低血糖症状,感染,移植部の瘢痕,植皮片の剥離,正解：低血糖状態\n二度、三度の熱傷は皮膚のバリアの破綻により感染が起こりやすいです。感染予防として受傷部位は生理食塩水や水道水で洗浄し、皮膚についた異物や繊維等を洗い流します。また、敗れた水泡は細菌の培地となるため除去します。三度ねsy層や広範囲の2度熱傷は皮膚移植が必要となりますが、植皮後も創面や全身の感染徴候を継続した観察する必要があります。深達度2度以上の熱傷の場合、肥厚性瘢痕を残すことがあります。これは性別、年齢、創部の血流量、感染等が関連し、知慮には手術や軟膏、薬剤等があります。皮膚移植には様々な方法があります。壊死組織の除去が十分でない場合、植皮した組織が剥離する可能性があります。皮膚移植と低血糖には関連性がありません。第１１４回全国公開模擬試験にあります。,img/6-15.png,成人
6-16,成人における心肺蘇生で正しいのはどれか,胸骨圧迫の深さは６㎝をこえないようにする,胸骨圧迫では剣状突起を圧迫する,胸骨圧迫の速さは一分間に６０～８０回を目安とする,人工呼吸や電気的除細動を行うときも胸骨圧迫を中断してはならない,正解：胸骨圧迫の府川は６㎝をこえないようにする\n胸骨圧迫の部位は胸骨の下半分です。胸骨圧迫の速さは100～120回/分を目安とします。胸骨圧迫は人工呼吸や電気的除細動の際に中断するはや無負えませんが、中断を最小限にし、直ちに胸骨圧迫を再開します。第１１４回全国公開模擬試験にあります。,img/6-16.png,成人
6-17,全身麻酔後の呼吸器合併症の予防に対する指導で適切なのはどれか,手術確定後、早期に禁煙する,手術前から腹式呼吸の訓練をする,原則として、手術後72時間は絶対安静にする,咳嗽は創痛を増強するため避ける,正解：手術確定後、早期に禁煙する\n術後は全身麻酔の影響で痰が増え、また、痛みのため呼吸も浅くなります。呼吸器合併症を起こしやすいです。術前に、腹式呼吸による深呼吸や痰の喀出方法などを練習しておく必要があります。絶対安静は呼吸機能を低下させるため、医師の指示に基づき、術後早期から身体を動かすようにします。全身麻酔時の気管内挿管の刺激により、痰が増加しやすいです。呼吸器合併症の予防の為、術後の痛みをコントロールしながら、咳をさせ、痰の喀出を促す必要があります。第１１４回全国公開模擬試験にあります。,img/6-17.png,成人
6-18,Aさん（54歳男性）は長年喫煙をしているが、親しい友人が禁煙に成功したときをきっかけに禁煙したいと考え、禁煙外来を受診した。Aさんは「5日間は禁煙できたけど、昨日からまた、タバコを吸い始めてしまった」と話している。Aさんの自己効力感を高める看護師の対応で適切なのはどれか,禁煙を五日間続けられたことを労い、前向きに評価する,禁煙できないとどんなデメリットがあるか考えてみるように勧める,禁煙に失敗した原因を看護師が推測し、Aさんに伝える,友人の成功例を参考にしすぎないよう注意する,正解：禁煙を5日間続けられたことを労い、前向きに評価する\n自己効力感は自分は適切な行動をやり遂げることができると感じ、それを実行できる自信があることをいい、自己効力感が高いほど、実際にその行動を遂行できる傾向にあります。自己効力感を高める要因として「成功体験」「代理的経験」「言語的説得」「生理的・情緒的状態」があげられます。禁煙できないことによるデメリットではなく、禁煙できることで得られるメリットを考えるように勧めます。Aさんが看護師とともに禁煙方法について考え検討することが望ましいです。自分と同じような状況の人の成功体験を知ることは代理的経験となり、自分にもできそうだと思えることが自己効力感の向上につながります。第１１４回全国公開模擬試験にあります。,img/6-19.png,成人
6-19,Aさん（54歳女性）は外来に通院し抗ガン薬の点滴静脈内注射を受けている。本日の血液検査でHb10.4ｇ/dl、好中球720/μℓ、血小板9万/μℓ出会った。Aさんへの看護で適切なのはどれか,入浴やシャワー浴により皮膚の清潔を保つように説明する,直ちに赤血球の輸血が必要であると説明する,帰宅後、37.5度程度の発熱であれば、解熱剤を使用し数日様子を見るよう説明する,出血しやすため、歯ブラシを使用する口腔ケアを禁止するよう説明する,正解：入浴やシャワー浴により皮膚の清潔を保つよう説明する\nヘモグロビンの値により貧血は認められますが、輸血の適応ではありません。通常、好中球では白血球の50～70％を占めます。好中球が1000ml/μℓ未満では感染症を合併しやすく好中球500/μℓ未満では特に感染症が重症化しやすい状態となるため注意が必要です。37.5度以上の発熱は感染の可能性があるため、なるべく早く受診するように説明します。血小板の値から、血小板の減少が認められます。血小板5万/μℓ未満まで低下したときは歯磨きなどにより出血しやすい状態となるため注意が必要です。毛先の柔らかい歯ブラシを使用するなどの工夫は必要ですが、現時点では歯ブラシを禁止する必要はありません。好中球減少により易感染状態でもあるため感染予防の為口腔ケアは重要です。第１１４回全国公開模擬試験にあります。,img/6-20.png,成人
6-20,Aさん（61歳男性）は肝硬変と診断された。検査の結果、食道静脈瘤が確認されたため持続的に内視鏡的静脈瘤効果療法を行うことになった。治療前に行うAさんへの説明で正しいのはどれか,治療の前にのどに麻酔をします。,Aさんの食道静脈瘤は肝硬変の症状とは関係ありません,食道静脈を広げる治療を行います,治療後はすぐに飲食することができます,正解：治療の前にのどに麻酔をします\n肝硬変では門脈圧が亢進することにより食道静脈瘤・胃静脈瘤・腹壁静脈瘤などの門脈圧亢進症状を生じやすいです。食道静脈瘤が破裂すると大出血となり、出血性ショックや死に至るリスクがあるため、破裂を予防するために内視鏡的静脈瘤硬化療法がおこなわれます。内視鏡的静脈瘤硬化療法は食道静脈内やその周囲に硬化剤を注入し、静脈瘤を血栓か、閉鎖させる治療です。治療後に質問がない場合は、翌日昼から流動食が開始となることが多いです。飲水は治療3時間後から許可されることが多いですが、少なくとも治療後1～2時間は咽頭麻痺の影響で誤嚥しやすいことから飲水も禁止します。第１１４回全国公開模擬試験にあります。,img/6-20.png,成人
6-21,Aさん（28歳女性）は出産経験がないにも関わらず乳汁分泌が認められたため、近医を受診した。診察・検査の結果、下垂体腺腫と診断され、治療を受けることになった。Aさんに生じている内分泌障害として考えられるのはどれか,プロラクチンの分泌過剰,成長ホルモンの分泌低下,副腎皮質刺激ホルモンの分泌低下,抗利尿ホルモンの分泌過剰,正解：プロラクチンの分泌過剰\n下垂体には全用途効用があり、前葉からは成長ホルモン、プロラクチン、副腎皮質刺激ホルモンなどが分泌され、後葉からはオキシトシン、バソプレシンが分泌されます。下垂体線種は主に、下垂体前葉にできる良性腫瘍です。下垂体線種により下垂体前葉ホルモンの分泌過剰を呈することがあります。下垂体腫瘍では成長ホルモンの分泌過剰により先端巨大症を発症することがあります。先端巨大症は全額部突出や鼻骨の肥大などの顔望変化や高血糖が見られます。下垂体腺腫では副腎皮質刺激ホルモンの分泌過剰により、高血圧、中心性肥満、満月様顔貌、高血糖などを呈し、これらをクッシング病といいます。下垂体腺腫の摘出術後の合併症として下垂体後葉のバソプレシンの分泌が低下し、尿崩症となることがあります。第１１４回全国公開模擬試験にあります。,img/6-21.png,成人
6-22,Aさん（24歳女性）は全身性エリテマトーデスで入院していたが、来週退院予定である。Aさんに対する退院指導で適切なのはどれか,発熱時はすぐに受診してください,毎日、日のあたりの良い場所を散歩しましょう,残念ですが妊娠はあきらめてください,インフルエンザワクチンの予防接種は受けられません,正解：発熱時はすぐに受診してください\n全身性エリテマトーデスは日光への暴露や感染、外傷、妊娠・出産、寒冷、過労などが症状の悪化因子となります。日差しの強い日は防止や手袋の着用をすすめます。疾患のない人に比べて流産や早産のリスクは高くなりますが、疾患の活動性が落ち着いている時期に妊娠・出産は可能です。インフルエンザワクチンは不活化ワクチンであるため摂取可能です。第１１４回全国公開模擬試験にあります。,img/6-22.png,成人
6-23,Aさん（56歳男性）は交通事故による外傷で第一腰髄節レベルの脊髄を損傷した,両上肢は自由に動かせる,人工呼吸器が必要である,両下肢は自由に動かせる,尿意を感じることはでき、排泄に支障をきたさない,正解：両上肢は自由に動かせる\n腰髄損傷の原因として最も多いのは交通外傷です。脊髄損傷は損傷部位が高位であればあるほど、重篤で広範囲な麻痺症状をきたします。人工呼吸器が必要となるのは気道の主動作筋である横隔膜が機能しない部位の障害であり、第三頸髄損傷です。第1腰髄レベルの損傷の場合、腸腰筋がわずかに動くのみです。損傷レベルにかかわらず、脊髄損傷では尿意は低下・喪失し、排泄に支障を起こします。第114回全国公開模擬試験にあります。,img/6-23.png,成人
6-24,Aさん（58歳男性、会社員）は一年ほど前から上下肢に力が入りにくいと感じ、つまづくことが多くなっていた。先月、初めて脳神経内科を受診し、筋委縮性側索硬化症と診断された。Aさんは「大変な病気になってしまった。自分はこれからどうなっていくのか、仕事をいつまで続けられるのか、治療費はどのくらいかかるのか、心配なことばかりです。」と話した。看護師のAさんへの声掛けで適切なのはどれか,重症度によって難病の医療費助成の対象となります,言葉の理解が徐々に障害されるのでコミュニケーションは難しくなります,鼻マスクによる人工呼吸療法が開始されると、経口摂取は出来なくなります,治療に専念するためになるべく早く退職したほうが良いと思います,正解：重症度によっては何帽の医療費補助の対象となります。\nALSは指定難病に指定されています。重症度分類2度以上または工学治療を受けている患者は指定医療機関で治療を受けている場合に医療費助成の対象となります。ALSでは生態や舌の動きが障害されることによって、高温障害が起こりやすいが、言葉の理解は障害されません。高温障害があっても文字盤や単語カード、IT機器などを使用し、コミュニケーションを図ることは可能です。ALSが進行すると呼吸筋マヒが起こり、非侵襲的陽圧換気や侵襲的陽圧換気による呼吸補助が必要となります。非侵襲的陽圧換気委は気管内挿管や気管切開を行わずにマスクを利用して行う字御校呼吸療法ですが経口摂取や声を出すことは阻害されません。Aさんが今後いつまで仕事を継続していくかはAさんの希望、疾病の進行度、職種、職場との調整などによって変わるものであり、看護師が判断することではありません。必要に応じて社会資源の紹介などを行います。第１１４回全国公開模擬試験にあります。,img/6-24.png,成人

7-1,手段的日常生活動作に含まれるのはどれか,家事,入浴,整容,排泄,正解：家事\n手段的日常生活動作とは日常生活を起こるために必要な高次動作を指します。具体的には買い物洗濯料理などの家事全般から金銭管理、服薬管理、交通機関の利用などがあげられます。更衣、整容、入浴、食事、排泄などは基本的日常生活動作に該当します。第１１４回全国公開模擬試験にあります。,img/7-1.png,老年
7-2,高齢者の皮膚の特徴で正しいのはどれか,ターンオーバー時間の延長,温度覚の閾値の低下,皮膚の弾力性の増加,皮脂膜の形成の亢進,正解：ターンオーバー時間の延長\n高齢者では温度覚の閾値は上昇し、感覚機能も鈍くなります。真皮を構成する膠原繊維や弾力繊維が変性・萎縮を来し、弾力性が失われ、しわやたるみを生じます。加齢に伴う皮脂・汗の分泌低下により皮脂膜の形成は減弱します。第１１４回全国公開模擬試験にあります。,img/7-2.png,老年
7-3,高齢者に対する肯定的エイジズムに当てはまるのはどれか,高齢者の医療費減税制度,年齢による運転免許の返納,高齢者を頑固だと決めつける,いい年をして服装が派手だという,正解：高齢者の医療費減税制度\nエイジズムとは年齢に対する変形や固定観念から生まれる年齢差別のことです。肯定的エイジズムとは年齢を理由に優遇されることです。否定的エイジズムは年を取っているという理由だけで生産性がないというレッテルを張り、社会の意思決定から高齢者を排除していこうとすることです。第１１４回全国公開模擬試験にあります。,img/7-3.png,老年
7-4,高齢者の睡眠の特徴はどれか,中途覚醒が増える,レム睡眠の時間が増える,単相性睡眠となる,寝床にいる時間が短い,正解：中途覚醒が増える\n高齢者では熟眠感に関係するレム睡眠の脳神経系の疲労回復に関係するノンレム睡眠の減少します。成人の単相性睡眠から多相性睡眠へと変化します。眠気がなくても床に就き朝目覚めても熟眠感がないためなかなか起床できないことが多いです。そのため若年より寝床にいる時間が長くなります。第１１４回全国公開模擬試験にあります。,img/7-4.png,老年
7-5,術後における高齢者のせん妄予防で適切なのはどれか,病室に時計やカレンダーを置く,術前のオリエンテーションは一度にまとめて行う,家族との面会を控えてもらう,手術前から臥床安静とし、体力を温存する,正解：病室に時計やカレンダーを置く\nせん妄は一時的な脳の機能的により身体のバランスを崩した状態です。高齢者は脳の老化によりせん妄状態になりやすいです。術前オリエンテーションでは一度にまとめて行うのではなく、数回に分けて患者の理解度を確認しながら進めていく必要があります。パンフレットなどを用いるとよりわかりやすく伝えることができ、不安を軽減することにつながります。家族との面会により精神的に安定しせん妄予防につながります。手術前から生活リズムを整えることが必要でｓう。昼間の過度な安静は活動不足を招き夜間不眠につながりやすいです。第１１４回全国公開模擬試験にあります。,img/7-5.png,老年
7-6,認知症の高齢者が避難所に避難するにあたって看護師の対応として適切なのはどれか,一緒に避難した家族へのケアを同時に行う,大部屋を用意し安心感を与える,回避している他の人に病状を説明しない,本人には災害の状況について説明しない,正解：一緒に避難した家族へのケアを同時に行う\n認知症の高齢者には小部屋や専用スペースを確保し、専門スタッフらと対談できるような時間や空間を確保します。また小部屋に家族やかをみしりの人がいることで落ち着きます。知らない人と大部屋ですぐすことで混乱し、周囲にも徘徊などで迷惑をかける場合があります。回避している地域住民が認知症の高齢者に対して理解があることが大切です。認知機能が滴下しているため災害の状況が理解できず混乱します。わかりやすい言葉で説明し、不安を和らげることが大切です。第１１４回全国公開模擬試験にあります。,img/7-6.png,老年
7-7,70歳男性定年退職と同時に妻を亡くしその後閉じこもりがちとなった。今後生じやすい問題はどれか,運動機能の低下,言語機能の低下,聴覚昨日の低下,排泄機能の低下,正解：運動機能の低下\n一度獲得している言語機能は低下しにくく、閉じこもりと聴覚機能、排泄機能は関連性がありません。外出が減り運動する機会が減少すると筋力の低下が生じます。第１１４回全国公開模擬試験にあります。,img/7-7.png,老年
7-8,Aさん（70歳、男性）は妻と二人暮らし、50歳の時、健康診断にて高血圧、高血糖、脂質異常症を指摘されたが、未治療のまま検診設けなくなっていた。現在目の見えづらさが出現し、全身倦怠感及び足のしびれも生じるようになり受診した。受信時の血液検査の結果、空腹時血糖値400㎎/dL、HbA1c12％であった。検査結果と症状から2型糖尿病と診断された。Aさんに優先して行われるのはどれか,眼底検査,腰椎穿刺,指鼻指試験,脳波検査,正解：眼底検査\n腰椎検査が必要となるのはくも膜下出血や髄膜炎などです。指鼻指試験は小脳障害の有無を調べる検査です。脳波検査はてんかんの患者などに対して行います。第１１４回全国公開模擬試験にあります。,img/7-8.png,老年
7-9,Aさん（70歳、男性）は妻と二人暮らし、50歳の時、健康診断にて高血圧、高血糖、脂質異常症を指摘されたが、未治療のまま検診設けなくなっていた。現在目の見えづらさが出現し、全身倦怠感及び足のしびれも生じるようになり受診した。受信時の血液検査の結果、空腹時血糖値400㎎/dL、HbA1c12％であった。検査結果と症状から2型糖尿病と診断された。Aさん今後生じる可能性のある疾患はどれか,心筋梗塞,関節リウマチ,潰瘍性大腸炎,尿崩症,正解：心筋梗塞\n糖尿病、高血圧脂質異常症などからｍ、今後生じやすい疾患として心筋梗塞や脳梗塞が考えられます。糖尿病の散大合併症である糖尿病性神経障害・糖尿病性網膜症・糖尿病性腎症も今日りょして観察する必要があります。関節リウマチは滑膜に炎症が起こる自己免疫疾患です。男女比は1：3～4で30～50歳の女性に好発します。潰瘍性大腸炎は大腸の粘膜に慢性的な炎症が生じ、びらんや潰瘍を形成する指定難病です。20歳代から高齢者まで幅広く発症します。尿崩症は下垂体腺腫により生じる場合が多いです。第１１４回全国公開模擬試験にあります。,img/7-9.png,老年
7-10,Aさん（70歳、男性）は妻と二人暮らし、50歳の時、健康診断にて高血圧、高血糖、脂質異常症を指摘されたが、未治療のまま検診設けなくなっていた。現在目の見えづらさが出現し、全身倦怠感及び足のしびれも生じるようになり受診した。受信時の血液検査の結果、空腹時血糖値400㎎/dL、HbA1c12％であった。検査結果と症状から2型糖尿病と診断された。Aさんは血糖コントロールと、食事や運動指導を受けるため入院となった。指導内容として適切なのはどれか,低血糖の際にはブドウ糖を10ｇ摂取する,一日の総カロリーは1500kcalにする,総エネルギーの約30％は糖質から摂取する,高血糖の場合、即座に運動を開始する,正解：低血糖の際にはブドウ糖を10ｇ摂取する\n一日の摂取カロリーは目標体重とエネルギー係数から産す津します。糖質の摂取割合は指示エネルギー量の40～60％とします。高血糖状態の場合は運動療法の禁止、制限が必要です。低血糖症状が出現したらブドウ糖または部郎党を含む飲料を摂取します。常に備えておくことが大切です。第１１４回全国公開模擬試験にあります。,img/7-10.png,老年
7-11,加齢によりホルモン分泌量が増加するのはどれか,卵胞刺激ホルモン,エストロゲン,テストステロン,メラトニン,正解：卵胞刺激ホルモン\n性ホルモンであるテストステロン、エストロゲンは減少します。脳の松果体から分泌されるメラトニンも加齢により低下していきます。脳下垂体前葉から分泌される性腺刺激ホルモンの一つである卵胞刺激ホルモンは卵巣の機能が低下し、エストロゲンが減少すると婦のフィードバック機構が弱まり、分泌がぞうかします。第１１４回全国公開模擬試験にあります。,img/7-11.png,老年
7-12,高齢者の健康増進と廃用症候群の予防について正しいのはどれか,麻痺がある場合の他動運動は健側から始める,プライマリーナース独自で決定した運動方法を実施してもらう,長時間、座位を保つとよい,下肢に痛みがある場合、運動は進めない,正解：麻痺がある場合の他動運動は健側から始める\n不適切な訓練による誤用症候群や過度の菌訓練による疲労で筋力低下が生じる下葉症候群を生じる可能性があるため、看護師独自で判断せずに本人や医師、理学療法士らとともにプランを作成し実施します。臥床だけでなく、長時間の外によっても褥瘡や誤嚥性肺炎、下肢浮腫などが生じます。どの体位であってもできるだけ長時間の同一体位は避けるべきです。痛みや麻痺を理由に身体を動かさないと、廃用症候群を招く恐れがあります。痛みの原因や程度を把握し、できるだけ運動を取り入れます。健側の状態を確認してから患側の運動を行います。第１１４回全国公開模擬試験にあります。,img/7-12.png,老年
7-13,高齢者の初心時の援助で適切なのはどれか,ゆっくりと簡潔な言葉で説明する,子供に話すように説明する,高い声で説明する,耳元で大きな声で説明する,正解：ゆっくりと簡潔な言葉で説明する\nわかりやすく丁寧に説明することは大切であるが、子供に話すように説明すると馬鹿にされているように聞こえるため不適切です。加齢に伴い高音域の聴力が低下するためやや低めの声でゆっくりと説明します。加齢に伴い小さい音が聞こえにくくなります。そのため、高齢者に対しては耳元で大きな声で話しがちですが、初心であり表情を見ながら会話するのが望ましいです。ジャスチャーや表情など非言語的コミュニケーションを用いることも有効です。第１１４回全国公開模擬試験にあります。,img/7-13.png,老年
7-14,認知症の特異的な症状はどれか,実行機能障害,アンビバレンス,失語,頭痛,正解：実行機能障害\n認知症では実行機能障害、記憶障害、見当識障害、全般性注意障害、失行・失認・失語、視空間認知障害などの症状が見られます。実行機能障害とは日常生活や仕事の内容を計画して実行することができなくなる状態であり、認知症の特異的な症状です。アンビバレンスとは、ある対象に対して、相反する感情を同時に招くことであり、統合失調症で見られます。失語とは、会話や文章で物事を表現したり、理解したりする能力が部分的または完全に失われる障害です。主に脳の損傷が原因で生じます。頭痛の原因には脳の疾患や緑内障、副鼻腔炎緊張性頭痛などがあります。第１１４回全国公開模擬試験にあります。,img/7-14.png,老年
7-15,介護医療院で正しいのはどれか,医師の配置が義務付けられている,要支援者を対象としている施設である,地域密着型サービスである,1部屋2人以下と定められている,正解：医師の配置が義務付けられている\n要介護者を対象としているのが介護保険施設です。介護保険施設には介護医療院のほかにも介護老人福祉施設、介護老人保健施設があります。介護保険による地域密着型サービスとは、住み慣れた地域でサービスを受けることができるシステムです。主なものとして、小規模多機能型居宅介護や認知症対応型共同生活介護などがあります。一型、Ⅱ型いずれも1部屋4人以下と定められています。介護医療院とは要介護者の長期医療おt生活支援を目的として施設です。医師の配置が義務づけられており、他の施設では受け入れが困難な医療ニーズの高い患者ンお受け入れも可能です。第１１４回全国公開模擬試験にあります。,img/7-15.png,老年

8-1,朝になると「頭が痛い」「調子が悪い」といい３０日以上学校を休み続けている小学６年生の子供に対する母親の対応として適切なのはどれか,子供に対する愛情を伝え見守りを励ましていく,学校にいけない理由を問い詰める,登校する気になるまでかかわりを避ける,勉強で役立つ動画やテレビを毎日見させる,正解：子どっもに対する愛情を伝え見守り励ましていく\n文部科学省では「何らかの心理的、情緒的、身体的あるいは社会的要因・背景により登校しないあるいはしたくともできない状況にあるために年間30日以上欠席したもののうち、病気や経済的な理由によるものを除いたもの」を不登校生徒と定義しています。不登校になるきっかけは、友人関係、学業、家庭環境、学校や社会とのかかわりにおける問題など様々なものがあり、単一ではなく複数の理由によるものが多いです。また近点では怠学や無気力などが要因で「悩んでいない」不登校も増加しています。不登校児へのかかわりで大切なのは子供に対して愛情をもって接し、学校等と密に連絡を取りながら温かく見守っていくことです。また、スクールカウンセラーへの相談や地域の適応指導教室の活用も検討します。第１１４回全国公開模擬試験にあります。,img/8-1.png,小児
8-2,女子中学生の外来受診において不安軽減のための支援として最も適切なのはどれか,診察後に話を聞く時間を設ける,主に付き添いの家族から状態を聴取する,常に扉を開けた状態で診察を行う,受診中の家族の付き添いを禁止する,正解：受信後に話を聞く時間を設ける\n学童期や思春期にはよりプライバシーの保護や羞恥心に配慮した支援が必要です。中学生であれば自分自身の状態を言葉にして説明できます。除法収集など必要時に付き添いの家族らも状態を聴取することが可能です。　扉を開けた状態での診察はプライバシーやは羞恥心への配慮がなされておらずより不安が高まります。診察に家族の付き添いを一概に禁止するのではなく受診した女子中学生や家族の希望を聴取したうえで対応します。第１１４回全国公開模擬試験にあります。,img/8-2.png,小児
8-3,令和3年度の福祉行政報告例における児童虐待で正しいのは度どれか,児童相談所が対応した児童虐待相談件数は増加傾向にある,虐待の相談で最も多いのは身体的虐待である,主な虐待者で最も多いのは実父である,報告先に報告先に保健所がある,正解：児童相談所が対応した児童虐待相談件数は増加傾向にある\n相談種別にみると心理的虐待が60％と最も多く次いで身体的虐待が23％となっています。主な虐待者別構成で見ると実母が47％と最も多く次いで実父が41％となります。児童虐待防止等に関する法律において虐待の報告先として児童相談所、福祉事務所、市町村が看取られています。保健所は含まれません。第１１４回全国公開模擬試験にあります。,img/8-3.png,小児
8-4,6歳女性アデノイド増殖症で扁桃摘出術を受けた。手術当日の看護で適切なのはどれか,唾液や喀痰は飲み込まず吐き出させる,頸部を保温する,創部痛は我慢させる,筆談でコミュニケーションをとる,正解：唾液や喀痰は飲み込まず吐き出させる\nアデノイドの生理的な増殖肥大に面性炎症などが加わり、病的に腫大したものをアデノイド増殖症といいます。出血防止のため、頸部は冷罨法を用います。保温は行いません。創部痛は我慢させず医師が処方した鎮痛薬を用います。声帯への手術ではないため、沈黙する必要はありません。王声で話すことは控えます。第１１４回全国公開模擬試験にあります。,img/8-4.png,小児
8-5,平均的な一歳児の成長と発達で適切なのはどれか,意味のある言葉を話す,身長は約1ｍである,乳歯は20本生えている,手すりを持たずに階段を上る,正解：意味のある言葉を話す\n一歳児の身長は約75㎝です。乳歯は生後6～8か月頃に生え始め、2～3歳で20本に生えそろいます。手すりを持たずに階段を上ることができるようになるのは2歳半頃です。第１１４回全国公開模擬試験にあります。,img/8-5.png,小児
8-6,Aちゃん（生後8か月、男児）は両親と兄（3歳）との4人暮らし。生後6か月から離乳食を開始し、機嫌よく過ごしていた。昼食後、一時間経過したあたりで突然不機嫌となり。激しくなく、そして泣き止むことを15分間隔で切り返していた。しばらく様子を見ていたが、収まる気配がないため、15時に救急外来を受診した。担当医は付き添っていた母親に腸重積症が疑われることを説明した。Aちゃんのおむつに便が確認できた。Aちゃんの便の形状で考えられるのはどれか。,イチゴゼリー状の血便,黒緑色粘稠の便,鉛筆状の便,白色便,正解：イチゴゼリー状の血便\n黒緑色で粘稠性がある弁は生後間もなくで排泄される胎便です。鉛筆状の便は直腸がんなどで共作した場合にみられる細い便です。白色便は閉塞性黄疸で見られます。第１１４回全国公開模擬試験にあります。,img/8-6.png,小児
8-7,Aちゃん（生後8か月、男児）は両親と兄（3歳）との4人暮らし。生後6か月から離乳食を開始し、機嫌よく過ごしていた。昼食後、一時間経過したあたりで突然不機嫌となり。激しくなく、そして泣き止むことを15分間隔で切り返していた。しばらく様子を見ていたが、収まる気配がないため、15時に救急外来を受診した。担当医は付き添っていた母親に腸重積症が疑われることを説明した。Aちゃんに腹部超音波検査、注腸造影検査が行われ、その後、腸重積症の診断を受けた。Aちゃんに確認できた所見はどれか,カニ爪様陰影欠損,飛び石状病変,鉛管状病変,ミエロベルオキシダーゼ反応陽性,正解：カニ爪用陰影欠損\nカニ爪様陰影は中朝造影検査で見られる腸重積特有の所見です。ターゲットサインは腹部超音波検査で見られる腸重積症特有の所見です。飛び石状病変はクローン病で見られます。ミエロベルオキシターゼ反応陽性は急性骨髄性白血病で見られます。鉛管状変化は潰瘍性大腸炎で見られます。第１１４回全国公開模擬試験にあります。,img/8-7.png,小児
8-8,Aちゃん（生後8か月、男児）は両親と兄（3歳）との4人暮らし。生後6か月から離乳食を開始し、機嫌よく過ごしていた。昼食後、一時間経過したあたりで突然不機嫌となり。激しくなく、そして泣き止むことを15分間隔で切り返していた。しばらく様子を見ていたが、収まる気配がないため、15時に救急外来を受診した。多飲頭囲は付き添っていた母親に腸重積症が疑われることを説明した。Aちゃんは治療により腸重積が整復し、そのまま入院となった。翌朝まで経過に問題はなく、朝から経口摂取が可能となり、啼泣や不機嫌、嘔吐などの症状は出現していない。退院が検討され、母親に退院後の生活について指導を行うこととになった。母親への指導で適切なのはどれか,退院後は入院前の離乳食を続けても問題ありません,半年に一回注腸造影検査が必要になります。,再発防止のため甘味にはちみつを使用してください,うつぶせにすることは避けてください,正解：退院後は入院前の離乳食を続けても問題はありません。\n腸重積症は注腸整復後48時間以内は再発する可能性が高いので、腹痛、嘔吐、不機嫌などの症状の出現に注することを伝えます。それ以降も留意する必要はありますが継続的な注腸造影検査の必要はありません。はちみつの使用が腸重積症の再発防止につながるという根拠はありません。Aちゃんは生後8か月であるためはちみつを摂取することは乳児ボツリヌス症を引き起こすリスクがあるため適切ではありません。はちみつの摂取は1っ歳以降とします。体位と腸重積症の発症の相関はありません。第１１４回全国公開模擬試験にあります。,img/8-8.png,小児
8-9,5歳児の採血で本人と家族に対し、倫理的配慮ができているのはどれか,採決時に動いていけない理由を絵を用いてわかりやすく説明した。,怖がっていやがっているため、バスタオルで全身を包んで採血した,怖いと泣いていため、泣き止まなければ実施できないと説明した。,採決は本人の勇気が大切であるため、家族は外で待ってもらうことにした。,正解：採決時に動いてはいけない理由を絵を用いてわかりやすく説明した\n5歳児をバスタオルで包んで動けなくすることとは医療者に対する恐怖心を招きます。5歳児は座位で採決が可能です。泣いていても採血が必要であると理解できれば実施させてくれるため、泣くこと＝拒否、泣き止むこと＝受容と考えるのは適切ではありません。泣くという感情表現だけに注目するのではなく、本人が受け入れているか、納得しているかが重要です。逆に泣いていなくても拒否しているのであれば、採決の必要性が理解でき量に説明し、本人がその気になるのを待つことが必要です。家族が同席するかどうかは本人と家族が決めることです。第１１４回全国公開模擬試験にあります。,img/8-9.png,小児
8-10,第二次性徴について正しいのはどれか,初経は12歳ころまでに過半数に発現する,第一発育急進期といわれる,性的成熟は女子より男子の方が早く始まる,精通は10歳ころまでに過半数が経験する,正解：初経は12歳ころまでに過半数が発現する\n二次性徴とは、生まれつき備わっている生殖器官がホルモンの急激な分泌により成熟することに伴って起こる諸現象をいいます。男子では精巣から分泌されるテストステロン、書士では卵巣から分泌されるプロゲステロン・エストロゲンが大きく関与します。第二次性徴では身長と体重の増加など、身長と体重の増加など、身体的発育が急進します。出生後から2歳までは第一発育急進期、第二次性徴では身体的発育の急進は第二発育急進期と言われます。性的成熟は男子より、女子の方が早く始まります。精液が作られ、体外に射出されることを射精といい、初めて起こるものを精通といいます。精通は12歳ころまでに約20％が経験し、15歳で過半数にたっします。初めて月経を迎えることを初経といい、12歳までに過半数に発現します。第１１４回全国公開模擬試験にあります。,img/8-10.png,小児
8-11,入院して活動を制限されている乳児期の子供の反応として最も考えられるのはどれか,離乳食やミルクの摂取量が少なくなる,活動が制限されることを罰として受け止める,いつもより眠りが深くなる,母に対する愛着が薄くなり、医療者に対して安心感を持つ,正解：親に対する愛着が薄くなり、医療者に対して安心感を持つ\n乳児期の子供は苦痛や不快の意味を理解することができず、言語で表現することもでき泣いため、「なく・ぐずる」反応や、ミルクの飲みが悪い、眠りが浅くなるなど身体的な変化をして、表出します。バツとして受け止めるのは幼児期後期になってからです。活動が制限されるといつもより眠りが浅くなる傾向が強いです。乳幼児は母親もしくは母親の代わりになる人を人の安全基地として生活しているため活動制限による不快があるときはより一層母親を求めようとします。第１１４回全国公開模擬試験にあります。,img/8-11.png,小児
8-12,ロタウイルス感染による急性下痢症で正しいのはどれか,経口感染する,学童期に多い,抗菌薬の服用で重症化を防ぐことができる,黒色下痢便が見られる,正解：経口感染する\n多くの場合は感染者の便に含まれるロタウイルスが口に入ることで感染する噴口感染です。噴口感染は経口感染の一つです。乳幼児に多くみられます。年長児以降は不顕性です。ウイルス感染症のため、抗菌薬は無効です。症状に応じた対象両党と原因に対する治療を行います。白色下痢便が見られまっす。第１１４回全国公開模擬試験にあります。,img/8-12.png,小児

9-1,ルービン．Ｒにより提唱された母親への育児技術の伝達に適している時期はどれか,産褥2・3日～10日ごろ,産褥0日ごろ,産褥1～2日ごろ,産褥10以降,正解：産褥2・3日～10日ごろ\n母親として適応していく過程はルービンによって3つの段階が提唱されていおり、それぞれの時期の応じたサポートが必要である。育児技術の伝達に適した時期は保守期であり産褥2・3日～10日ごろです。第１１４回全国公開模擬試験にあります。,img/9-1.png,母性
9-2,25歳初産婦、本日7月1日妊娠30週の妊婦健康診査を受け母子ともに経過は順調であった。次回の受診日はどれか,7月15日,7月8日,7月22日,7月29日,正解：7月15日\n妊婦の定期健康診査の受診頻度は妊娠23週まではおおむね4週間に1回、妊娠24～35週まではおおむね2週間に1回、妊娠36週以後分娩までは1週間に1回であるため、妊娠30週では2週間後の受診が推奨されます。第１１４回全国公開模擬試験にあります。,img/9-2.png,母性
9-3,28歳初産婦、妊娠41週6日の昨日、分娩誘発目的で入院した。子宮収縮薬の投与を行ったものの有効陣痛とはならず、投与を中止したが、入院翌日午前3時から15分おきの規則的な陣痛が自然はつらいし、5時に8分おきになった。15時20分に子宮口全開大、16時10分に児出産、16時15分に胎盤を娩出した。分娩経過で正しいのはどれか,分娩所要時間は11時間15分である,正期産である,分娩開始は午前3時である,分娩第一期は12時間20分である,正解：分娩所要時間は11時間15分である\n正期産は妊娠37週から41週6日までをいい、42週0日以降は過期産となります。陣痛が10っ分おきに規則正しく起こるか、または一時間に6回の陣痛が起こるときをもって分娩開始となります。この方の分娩開始は8分おきになった午前五時です。分娩第一期とは分娩開始から子宮口全開大までです。この方の場合は5時から15時20分までの10時間20分です。分娩所要時間とは分娩第一期から分娩第三期までの所要時間の合計です。第１１４回全国公開模擬試験にあります。,img/9-3.png,母性
9-4,新生児の呼吸の特徴で正しいのはどれか,周期性呼吸が見られる,ガス交換能力は成人と同じである,胸式呼吸である,強制的口呼吸である,正解：周期性呼吸が見られる\n新生児の新陳代謝は成人の約三倍ですが代謝の上昇に対応するためのガス交換能力は成人の約1/6と低いため、運動や発熱などで代謝行進が起こると容易に呼吸不全で陥りやすいです。新生児は横隔膜が上下することで換気を行う横隔膜優位の腹式呼吸を行っています。そのため、腹部膨満が起こると横隔膜運動を妨げ、呼吸状態に影響を与えます。新生児が口呼吸をするのは啼泣時のみであり、主に鼻呼吸を行っています。そのため分泌物貯留や鼻腔粘膜の腫脹による鼻腔狭窄・閉塞は呼吸状態に影響を与えます。第１１４回全国公開模擬試験にあります。,img/9-4.png,母性
9-5,Aさん（29歳、初産婦）は妊娠36週3日の本日、妊娠健康診査のため来院した。今日は6月5日の火曜日である。Aさんの分娩予定日はどれか,6月30日,6月27日,6月28日,6月29日,正解：6月30日\n最終月経第一日を0周0日と起算し、40週0日を分娩予定日としています。受信日の6月5日から計算すると6月30日が40週0日となります。第１１４回全国公開模擬試験にあります。,img/9-5.png,母性
9-6,Aさん（29歳、初産婦）は妊娠36週3日の本日、妊娠健康診査のため来院した。今日は6月5日の火曜日である。医師よりAさんの計測とNSTを実施するよう指示があった。看護師はAさんの子宮底長と腹囲を測定し、レオポルド触診法を行った。胎児心拍測定用トランスヂデューサは右臍棘中央に装着した。看護師のアセスメントと援助で正しいのはどれか,子宮底長は恥骨結合上演から糸球体胃部上縁までを測定した。,胎向・体位は第一頭囲である,腹囲は腹部で最も突出している部分を測定した。,NSTは15分間実施した,正解：子宮底長は恥骨結合上縁から子宮体部上縁までを測定した\n右臍棘線中央で胎児心拍が調査れやすい体位は第二頭囲です。腹囲は臍高で測定します。胎児はおおよそ20分毎にっ郭清と睡眠を繰り返しており胎児が睡眠状態であると一過性頻脈が認められないことがあるため胎児の睡眠周期より長く記録する必要があります。子宮収縮などのストレスがない状態で胎児心拍数、子宮収縮体動を40～60分間記録します。第１１４回全国公開模擬試験にあります。,img/9-6.png,母性
9-7,Aさん（29歳、初産婦）は妊娠36週3日の本日、妊娠健康診査のため来院した。今日は6月5日の火曜日である。医師よりAさんの計測とNSTを実施し、胎児の状態は良好であると判断した。この判断に満たない条件はどれか,一回の早発性一過性徐脈が認められた,,胎児心拍数基細が140bpmであった,胎児心拍数基細変動があった,20分間に2回の一回性徐脈が認められた。,正解：一回の早発性一回性徐脈が認められた\n正常な胎児心拍数は110～160回/分です。正常な場合一分間に2～6回、6～5回/分の基線細変動があります。正常な場合は体動に伴い20分間に2回以上の一過性頻脈が認められます。第１１４回全国公開模擬試験にあります。,img/9-7.png,母性
9-8,Aさん（28歳、初産婦）は妊娠20週2日の本日、妊婦健康診査のため来院した。超音波検査を行うと、胎盤の位置がわずかだがない子宮口に達していた。これまでの妊娠経過は母子ともに順調である。Aさんの胎盤の位置はどれか,辺縁前置胎盤,低地置盤,部分前置胎盤,全前置胎盤,正解：辺縁前置胎盤\低前置胎盤とは胎盤火炎がない子宮口の近くまで及んではいるが子宮口へは達していないものをいいます。辺縁前置胎盤とは胎盤下縁がない子宮口の縁に達しているが覆ってないものをいいます。部分前置胎盤とは胎盤が子宮口の一部を覆うものをいいます。全前置胎盤とは胎盤が子宮口を完全に覆うものをいいます。第１１４回全国公開模擬試験にあります。,img/9-8.png,母性
9-9,Aさん（28歳、初産婦）は妊娠20週2日の本日、妊婦健康診査のため来院した。超音波検査を行うと、胎盤の位置がわずかだがない子宮口に達していた。これまでの妊娠経過は母子ともに順調である。診察後、保健指導を行っていると、Aさんから「自然なお産がしたかったのですが、帝王切開による出産になりますか」と質問があった。看護師の対応で適切なのはどれか,今は判断しかねるので、妊娠経過を見ていきましょう,帝王切開による出産になりますね,経腟分娩で出産できますよ,赤ちゃんが元気ならどちらでもよくないですか,正解：今は判断しかねるので妊娠経過を見ていきましょう\n妊娠中期の超音波検査で前置胎盤と思われる所見があっても経過とともに子宮下部が伸展するため胎盤が情報に位置を変え、妊娠後期に正常となる場合があります。そのため、現段階での診断ではまだ確定的ではありません。出産様式を確定する発言は避けることが望ましいです。また、Aさんの不安な気持ちを含んだ発言が大切となります。第１１４回全国公開模擬試験にあります。,img/9-9.png,母性
9-10,Aさん（28歳、初産婦）は妊娠20週2日の本日、妊婦健康診査のため来院した。超音波検査を行うと、胎盤の位置がわずかだがない子宮口に達していた。これまでの妊娠経過は母子ともに順調である。本日のAさんの保健指導で適切なのはどれか,早期入院の可能性があるため入院準備を進めておいてください,性器出血があってもお腹の痛みがない場合は様子を見てください,子宮収縮抑制薬の内服が始まります,次回から定期健康診査は毎週になります,正解：早期入院の可能性があるため入院準備を進めておいてください\n前置胎盤の場合、出血は突発的に起こり痛みを伴いません。出血が生じているということは子宮体版血管が断裂していると考えられ止血ができない場合は母子ともに危険な状態となります。少量の出血であっても早急な対応が必要となり、出血した場合は前例入院管理が原則となります。子宮収縮抑制薬は子宮収縮による分娩の進行を阻害する薬です。Ａさんの妊娠経過は順調であり規則的な子宮収縮などの切迫徴候は見られていないため、内服の必要性はありません。前置胎盤の診断を受けていても、状態が落ち着いており、医師からの指示ｋがない限り通常通りの妊娠健康診査となります。毎週になるのは妊娠３６週以降です。第１１４回全国公開模擬試験にあります。,img/9-10.png,母性
9-11,リプロダクティブヘルス/ライツはどれか,性と生殖に関する健康と権利,少子化対策計画,健やか親子21,生殖補助医療,正解：性と生殖に関する健康と権利\n健やか親子２１では「全ての子供が健やかに育つ社会」の実現を目指し、３つの基盤課題と2つの重点課題が設定されています。少子化社会惟対策基本法において、統合的かつあ長期的な少子化に対処するための施策視診が決められています。子供・子育てビジョンなどがあります。生殖補助医療とは体外受精・胚移植・顕微授精・凍結胚・融解移植などがあります。第１１４回全国公開模擬試験にあります。,img/9-11.png,母性
9-12,月経周期における血中ホルモン量のうち増殖中期に増えるものはどれか,エストロゲン,卵胞刺激ホルモン,黄体化ホルモン,プロゲステロン,正解：エストロゲン\n月経周期の初めに視床下部から分泌される性腺刺激ホルモン放出ホルモンが下垂体前葉に作用し、卵胞刺激ホルモンが分泌されます。卵胞刺激ホルモンは卵巣に作用し、その刺激で発育して卵胞からエストロゲンが分泌られます。エストロゲンが急増すると、フィードバック作用により下垂体前葉から黄体形成ホルモンが放出されます。排卵後、黄体からエストロゲンとプロゲステロンが分泌られます。第１１４回全国公開模擬試験にあります。,img/9-12.png,母性
9-13,妊娠糖尿病について正しいのはどれか,避妊時から糖尿病と診断を受けている女性が妊娠した場合は含まれない,出産まで入院管理が必要となる,食事療法によるコントロールが不良の場合は経口血糖降下薬を内服する,低出生体重児や新生児高血糖のリスクがある,正解：避妊時から糖尿病と診断を受けている女性が妊娠した場合は含まれない\n食事療法やインスリン療法で血糖コントロールができており、胎児の発育に問題がない場合は自宅療養で出産を迎えることが可能です。経口血糖降下薬は催奇形性に関して安全性が確認されておらず胎盤通過や乳汁中へ移行するため、妊娠、授乳婦への投与は禁忌となります。食事療法によるコントロールが不良な場合はインスリン療法を行います。グルコースの対gbガン通貨により高血糖を完治した胎児の膵β細胞がインスリンを過剰に分泌した結果、グリコーゲンや脂肪などの合成が促進され、巨大児になりやすいです。また、出生後もβ細胞がインスリンを過剰に分泌し続けるため、新生児低血糖になりやすいです。第１１４回全国公開模擬試験にあります。,img/9-13.png,母性
9-14,Aさん（30歳、初産婦）は妊娠37週0日の本日破水感を主訴に外来受診をした。検査の結果前期破水と診断され入院することのなった。入院時、Aさんは生理痛程度の下腹部痛を訴えていていた。,定期的にパットの観察を行う,子宮収縮抑制薬を投与する,内診は禁忌であるため行わない,清潔保持のため入浴をすすめる,正解：定期的にパットの観察を行う\n前期破水とは分娩開始前に破水するものをいいます。Aさんは妊娠37週0日で正期産であるため分娩を抑制する必要はありません。前期破水の場合、内心は禁忌ではないですが、感染を防ぐためにも清潔操作に留意して必要最低限とします。感染リスクが高まるため基本的に入浴は勧めません。しかし、清潔保持は重要であるため定期的なパット交換、排泄後の外陰部の洗浄や清拭を行います。第１１４回全国公開模擬試験にあります。,img/9-14.png,母性
9-15,新生児のバイタルサイノン観察を行う際、弊害となる意識レベルはどれか,state5,state2,state3,state4,正解：state5\n新生児のバイタルサインの観察を行う場合児の意識レベルがstate5～6であるときは活動による影響を受けるためstate1~4の状態で行うことが適切です。state1は安静睡眠です。state2は動睡眠です。state3はまどろみ状態です。state4は正確性または敏活です。state5は覚醒状態です。state6は啼泣状態です。第１１４回全国公開模擬試験にあります。,img/9-16.png,母性

10-1,危機介入で正しいのはどれか,患者の感情表出を促す,患者の新たなコーピング行動の習得は不要である,長期的な援助方法を主とする,人的資源の活用は含まない,正解：患者の感情表出を促す\n危機介入とは現在危機状態にある人々への問題解決に働きかけ、短期的・即応的・集中的にアプローチし、患者自身が問題を解決するための新しい対応能力を獲得し成長していけるよう援助することです。第１１４回全国公開模擬試験にあります。,img/10-1.png,精神
10-2,精神障碍者のレジリエンスで正しいのはどれか,困難に対して回復していく力である,治療方針の決定に散瞳し、積極的に治療を受けることである,主に薬物療法によって高められる,治療を目的とした働きかけである,正解：困難に対して回復していく力である\n治療方針の決定に散瞳し、積極的に治療を受けることはアドヒアランスです。精神障害者のレジリエンスは障害を背負った時にそれをはね返す力やその状態を抱えながら生活を取り戻していく回復力を指します。安定した人間関係や生活習慣、自己理解、社会とのかかわりによって高められることができ直接的に治癒を目的としたものではありません。第１１４回全国公開模擬試験にあります。,img/10-2.png,精神
10-3,統合失調症に最も用いられているのはどれか,作業療法,理学療法,内観療法,精神分析療法,正解：作業療法\n理学療法とは病気、けが、高齢、障害などにより身体機能が低下した状態にある患者に対し、身体機能の維持、改善を目的として行う療法のことです。内観療法とは本来修養法として開発された手法を医療・臨床心理的目的のために用いる療法で森田療法とともに日本で生まれた精神療法の一つです。主に神経症性障害に用いられます。精神分析療法はフロイトにより創設された両方で心にうかんだことをそのまま話させる自由連想法を手技とする主に神経症性障害に用いられます。精神疾患に対する作業療法とは作業活動を通じて自己実感、感情のコントロール、人間関係を学ぶ療法です。第１１４回全国公開模擬試験にあります。,img/10-3.png,精神
10-4,自傷行為のある入院患者の看護で適切なのはどれか,患者とともに持ち物の確認を行う,自傷行為が生命に危険を及ぼすことはないため介入は不要である,自殺に関する話題は避ける,内服薬の管理は患者に任せる,正解：患者とともに持ち物の確認を行う\n自傷行為は爪や指先を噛む、ひっかくなどの行為からリストカットやオーバードーズなど様々であり、生命に危険が及ぶ行為も少なくないため注意深く介入しておくことが必要です。自殺念虚や自傷行為のある患者に対してはTALKの原則を用いた接し方が提唱されています。過量服薬によって生命に危険が及ぶこともあります。自己管理を促すかかわりは必要であるが、状態によって内服薬は数日分を一度に渡さず、毎日服薬の状況を確認するなど医療従事者による管理が必要です。第１１４回全国公開模擬試験にあります。,img/10-4.png,精神
10-5,Aさん（23歳、男性、会社員）は母親と２人暮らし。学生時代から社交的でキャンプや釣りなど趣味も多く友達と頻繁に出かけていた。３週間前、仕事で大きな失敗をし、その後、一緒に対応してくれた上司が風邪を引いたこのに強く責任を感じて落ち込んでいた。徐々に元通りに戻っている様子だったが、数日前から「眠らなくても平気だ」と言い、深夜に出かけたり友人に電話を掛けたりし始めた。会社でも、次々に周囲の人に話しかけて落ち着きがないため、上司が注意すると、「私の有能さに気づかないのか。邪魔をしないでくれ」と大声で言い返し、周囲の人の仕事に影響が出始めた。Aさんは、上司から連絡を受けた母親に説得され、精神科クリニックを受診した。Aさんは「こんなところでじっとしている時間はない。私にしかできない仕事がたくさんある。早く会社に行かなければ」と早口で話し、落ち着かない様子である。外来での看護師の対応で優先度が高いのはどれか,Aさんを静かな場所に誘導する,病院の症状出あることを説明する,母親にAさんの付き添いを依頼する,Aさんが話すのをやめるまで話を聞く,正解：Aさんを静かな場所へ誘導する\n病気の症状であることは確かだが、興奮しているAさんに説明しても理解を得にくいです。Aさんは興奮状態にあるため、まずは落ち着いてコミュニケーションをとれるように環境を整えることが優先されます。躁状態にある患者に対しては鈴鹿な環境で刺激を避けて、落ち着いた態度で接し、穏やかにコミュニケーションが取れるように配慮します。傾聴する姿勢は必要であるが、Aさんのペースに合わせすぎて巻き込まれないよう看護師は一貫した態度で接する必要があります。第１１４回全国公開模擬試験にあります。,img/10-5.png,精神
10-6,Aさん（23歳、男性、会社員）は母親と２人暮らし。学生時代から社交的でキャンプや釣りなど趣味も多く友達と頻繁に出かけていた。３週間前、仕事で大きな失敗をし、その後、一緒に対応してくれた上司が風邪を引いたこのに強く責任を感じて落ち込んでいた。徐々に元通りに戻っている様子だったが、数日前から「眠らなくても平気だ」と言い、深夜に出かけたり友人に電話を掛けたりし始めた。会社でも、次々に周囲の人に話しかけて落ち着きがないため、上司が注意すると、「私の有能さに気づかないのか。邪魔をしないでくれ」と大声で言い返し、周囲の人の仕事に影響が出始めた。Aさんは、上司から連絡を受けた母親に説得され、精神科クリニックを受診した。Aさんは双極性障害と診断され、入院が必要であると説明を受けたが、納得しなかったため、母親の同意で医療保護入院となった。入院後、Aさんに薬物療法が開始されることになった。Aさんの治療に使用されると考えられるのはどれか,炭酸リチウム,テオフィリン,ペニシリン,アトロピン,正解：炭酸リチウム\nテオフィリンは気管支拡張薬です。ぺニシンは抗菌薬であり、細菌性の感染症などの治療に使用します。アトロピンは抗コリン薬であり、消化性潰瘍などの治療に使用します。第１１４回全国公開模擬試験にあります。,img/10-6.png,精神
10-7,Aさん（23歳、男性、会社員）は母親と２人暮らし。学生時代から社交的でキャンプや釣りなど趣味も多く友達と頻繁に出かけていた。３週間前、仕事で大きな失敗をし、その後、一緒に対応してくれた上司が風邪を引いたこのに強く責任を感じて落ち込んでいた。徐々に元通りに戻っている様子だったが、数日前から「眠らなくても平気だ」と言い、深夜に出かけたり友人に電話を掛けたりし始めた。会社でも、次々に周囲の人に話しかけて落ち着きがないため、上司が注意すると、「私の有能さに気づかないのか。邪魔をしないでくれ」と大声で言い返し、周囲の人の仕事に影響が出始めた。Aさんは、上司から連絡を受けた母親に説得され、精神科クリニックを受診した。入院一週間後、Aさんは興奮状態が落ち着き内服の自己管理もでき量になったため、退院に向けて準備が始まった。担当看護師がAさんに行う退院指導で適切なのはどれか,再発の症状を一緒に確認しましょう,今後も定期的に入院が必要です,仕事は転職したほうがよいでしょう,退院したらお友達とたくさん出かけましょう,正解：再発の症状を一緒に確認しましょう\n定期的な通院は非長ですが、入院の必要と判断された時のみ入院は行います。仕事の内容によっては給食や転職、配置換えなどの対応が必要になることもありますが、Aさん自身が決めることです。双極性障害は躁状態とうつ状態を繰り返します。一般に躁状態よりうつ状態委の方が長く、患者は苦痛を感じることも多いです。たくさん外出することではなく、休養できる環境を整えることが優先されます。第１１４回全国公開模擬試験にあります。,img/10-7.png,精神
10-8,A君（9歳、男子）は7歳の時に注意欠如・多動性障害と診断された。知的障害はないため小学校は普通学級に通っていたが、じゅぎょⅧ宇宙に教室で席に座っていることができず、大きな声を出すなどの行動が繰り返し見られたため、担任から連絡を受けた両親とともに精神科外来を受診した。A君の病状、特徴で最も考えられるのはどれか,課題を順序立てて行うことができない,読んでいるものの意味を理解することが難しい,音声チックが見られる,繰り返しうかんでくる考えやイメージを止めることができず、強い不安が生じる,正解：課題を順序だてて行うことができない\n文字をうまく書くことができない、読んでいるものの意味を理解できないのは極限性学習症の症状です。音性チックとは咳払い、花や舌を鳴らす、発生や叫び声が出るなどの症状が不随意に繰り返し起こるもので学童期の男児に多いとされています。ほとんどの場合一過性であるが、長期に症状が続く場合も見られます。繰り返しうかんでくるイメージを止めることができず、不安や苦痛が引き起こされるのは強迫性障害の症状です。第１１４回全国公開模擬試験にあります。,img/10-8.png,精神
10-9,A君（9歳、男子）は7歳の時に注意欠如・多動性障害と診断された。知的障害はないため小学校は普通学級に通っていたが、じゅぎょⅧ宇宙に教室で席に座っていることができず、大きな声を出すなどの行動が繰り返し見られたため、担任から連絡を受けた両親とともに精神科外来を受診した。A君の母親は「Aは気に入らないことがあると家でも大きな声を上げたり走り回ったりします。最近は体も大きくなってきて、とめる者も難しくなってきました」と看護師に話した。看護師の母親への声掛けで適切なのはどれか,どんな対処方法があるかA君と一緒に話してみましょう,成長とともによくなるのでもう少し頑張りましょう,暴れてはいけないと強くしかりましょう,幼児期の育て方を振り返ってみましょう,正解：どんな対処方法があるかA君と一緒に話してみましょう\n注意欠如・多動性障害の症状は成長とともによくなるとは限りません。衝動的になっているときに強い精子や説得・叱責を行うとより興奮をいだくことがあります。少し離れて見守る、落ち着いた態度で接するなどの対応が望ましいです。注意欠如・多動性障害などの発達正午愛の原因は解明されていません。育て方やかかわり方ではなく脳の機能障害であると考えられています。育て方やかかわり方に起因するものではないため、母親のかかわり方を責めるような発言はするべきではありません。第１１４回全国公開模擬試験にあります。,img/10-9.png,精神
10-10,A君（9歳、男子）は7歳の時に注意欠如・多動性障害と診断された。知的障害はないため小学校は普通学級に通っていたが、じゅぎょⅧ宇宙に教室で席に座っていることができず、大きな声を出すなどの行動が繰り返し見られたため、担任から連絡を受けた両親とともに精神科外来を受診した。A君は学校へ行くといつも忘れものがあって、授業に参加できない。友達にも貸してもらえないし、どうしようと思うとパニックになってつい大きい声を出してしまうと話した。看護師の提案で適切なのはどれか,持ち物リストを作り、見やすいところに貼っておく,Ａ君の代わりに毎日母親が持ち物の準備をする,割るれ物があった日はカレンダーに大きく×印をつける,必要なものはすべて学校においておくよう学校と調整する,正解：持ち物リストを作り、見やすいところに貼っておく\n他社が最終確認をすることは必要かもしれませんが、毎日母親が準備をすることは母親の負担になるだけではなく、Ａ君の成長の機会を奪うことになるため適切ではありません。忘れ物をすることは望ましくないことであるが、Ａ君に示して否定してしまう行為です。できないことを責めるよりもできたことや頑張りを認め、少しずつ自己管理できるようかかわることが必要です。担任や養護教諭などＡ君とかかわる関係者との調整は必要であるが、使用するものをすべての学校においておくことは現実的ではありません。第１１４回全国公開模擬試験にあります。,img/10-10.png,精神
10-11,精神保健における3次予防はどれか,休職中のうつ病患者への復職支援,企業内でのメンタルヘルス講座開催,自殺未遂歴のある社員への個別相談,職場での心理的相談担当者との面談,正解：休職中のうつ病患者への復職支援\n休職中のうつ患者への復職支援/n企業内でのメンタルヘルス講座開催は1次予防です。自殺未遂歴のある社員への個別面談・職場での心理相談担当者との面談は二次予防です。第１１４回全国公開模擬試験にあります。,img/10-11.png,精神
10-12,看護師３年目のAさんは責任感が強く小さいころから看護師になることが夢だった。看護師になってからは外科病棟でうっけもち患者に献身的にケアをしていた。最近、仕事に忙殺される日々が続き心身共に疲れ、患者の訴えが煩わしく感じるようになり、仕事に行くことに憂鬱になった。Aさんの現在の状態はどれか,燃え尽き症候群,からの巣症候群,ワーカホリック,全般性不安障害,正解：燃え尽き症候群\n燃え尽き症候群は職務に心身の能力を使い果たし、精神的に追い込まれてうつ状態や感情の枯渇が現れる状態をいいます。医療従事者や教育関係者など対人関係の職種で多く見られます。からの巣症候群は子育ての終わった主婦が喪失感や虚無感を感じ、うつ状態やアルコール依存症などになる状態です。ワーカホリックとは仕事をしないと落ち着かなくなり休日などに不安を感じる状態です。全般性不安障害は多くの出来事や活動について過度な不安や心配が持続的に生じる状態です。緊張性頭痛・発汗・下痢などの身体症状がみられ、易疲労性・集中困難・睡眠障害などを伴ないます。第１１４回全国公開模擬試験にあります。,img/10-12.png,精神
10-13,精神科デイケアの説笑みで最も適切なのはどれか,対人関係能力の向上を目指す,就労する機会を提供する,居宅で食事や掃除などのサービスを提供する,実施機関の標準は一日につき三時間である,正解：対人関係能力の向上を目指す\n精神科デイケアは社会復帰を促す目的がありますが、就労の機会を提供する場ではありません。就労機会の提供は就労継続支援などで行います。居宅で食事や掃除などのサービスを提供するのは居宅介護です。精神科デイケアは地域で生活しながら中間通所してケアを行うものでレクリエーション療法や作業療法、集団精神療法などによって対人関係能力の向上や社会生活機能の回復を目指します。実施時間の標準は一日６時間です。３時間を標準とするのはショートケアです。第１１４回全国公開模擬試験にあります。,img/11-13.png,精神
10-14,躁状態で見られる症状はどれか,観念奔逸,感情鈍麻,嫉妬妄想,滅裂思想,正解：観念奔逸\n観念奔逸は歯垢が次々に湧き出して止まらない状態です。感情鈍麻は感情の動きが痰ちょな状態で統合失調症の陰性症状などで見られます。嫉妬妄想は夫や妻などのパートナーが浮気をしていると考える妄想でアルコール依存症や認知症で見られます。滅裂思想は考えがバラバラでつながりがない状態で統合失調症で見られます。第１１４回全国公開模擬試験にあります。,img/10-13.png,精神

11-1,訪問看護利用者の個人情報の取り扱いについて訪問看護師の対応で最も適切なのはどれか,連携する各所で個人情報を相互に利用する場合は利用者の許可を得る,隣人に利用者の家族状況を伝えて協力を依頼する,宅配行者に利用者の病名を伝えて配慮を依頼する,訪問看護報告書を市町村に提出する,正解：連携する各所で個人情報を相互利用する場合は利用者の承諾を得る\nインフォーマルサポートとして近隣住民の協力が必要な場合もあるが個人情報の第3社への提供には原則として本人の同意が必要です。利用者の病名を第三者に伝えてはいけません。訪問看護報告書は主治医に提出します。第１１４回全国公開模擬試験にあります。,img/11-1.png,在宅
11-2,56歳男性、筋委縮性側索硬化症で要介護5の認定を受けている。気管切開下で人工呼吸器を装着し、在宅療養となったため訪問看護を利用している。Aさんは訪問看護師の助言により市の避難行動要支援者に登録した。災害発生時、非難する場所で適切なのは度どれか,福祉避難所,地区で排泄された避難所,介護医療院,近隣で受け入れ可能な病院,正解：福祉避難所\n福祉避難所は高齢者や障碍者、乳幼児その他特別な配慮を必要とするようなよう配慮者尾w受け入れるための設備・器材・人材を備えた避難所施設です。福祉避難所の確保・運営が井戸ラインによると福祉避難所の対象になるものは以下の通りです。身体障碍者（視覚障害者、聴覚障碍者、肢体不自由者）、知的障碍者、高齢者、人工呼吸器、酸素胸腔装置等を使用している在宅の難病患者、医療的ケアを必要とするもの、妊産婦、乳幼児、病弱者、傷病者などその及び家族が考えられます。なお、特別養護老人ホームまたは老人短期入所施設等の入所対象は該当施設で適切に対応される微期であるため原則として福祉避難所の受け入れ対象者とはなりません。第１１４回全国公開模擬試験にあります。,img/11-2.png,在宅,
11-3,78歳女性、一人暮らし、間接リウマチで在宅療養中であり、近所に住む娘の支援を受けながら要介護1で訪問看護を受け入れている。昨日、インフルエンザの診断を受けた。現在も発熱、倦怠感、咳嗽がある。訪問看護で最も適切な対応はどれか,ケアの前後に手洗いを実施する,訪問時にN95マスクを装着する,清拭の実施は見合わせる,ケアで使用した物品はすべて破棄処分する,正解：ケアの前後に手洗いを実施する\nインフルエンザは空気感染しないためサージカルマスクで問題ありません。発熱しているため、必要があれば手早くあるいは部分的に清拭を実施します。すべてを破棄処分する必要はありません。患者に使用したタオルなどは通常の選択をしてもらい、痰などの分泌物がついたティッシュなどは速やかに蓋のついたごみ箱などに破棄します。第１１４回全国公開模擬試験にあります。,img/11-3.png,在宅
11-4,80歳女性は息子夫婦と三人暮らしであり、脳梗塞による左片麻痺があり、主に息子の妻が介護を担当しながら在宅療養中である。現在、膀胱留置カテーテルを挿入しており障害高齢者の日常生活自立度編低基準ではランクC-2である。体位変換時の注意点で適切なのはどれか,状態を起こしたときは背抜きを実施する,ゆっくりと自分で向きを変えてもらう,30度左側臥位を維持する,体位変換時、カテーテルの屈曲などは気にしなくてよい,正解：状態を起こしたときは背抜きを実施する\n障害高齢者の日常生活自立度半的基準ではランクC-2（自力で寝返りを打つ）であるため、自力での体位変換は難しいです。原則として麻痺側を下にする体位は避けます。在宅療養中では膀胱留置カテーテルが挿入されていたり、在宅中心静脈栄養法が行われていたりすることが多いです。体位変換や移動の際はチューブ類などの屈曲や抜去に気を付ける必要があります。第１１４回全国公開模擬試験にあります。,img/11-4.png,在宅
11-5,55歳男性、妻と二人暮らし、十年前に頸椎の後縦靭帯骨化症と診断された。外固定装具（頸椎カラー）を到着し、消炎鎮痛薬と筋弛緩薬を内服しているが、徐々に感覚障害や運動障害などの症状が進行し、現在は在宅療養中である。歩行介助に加えて、排尿や排便にも介助が必要になってきたため、介護を行っている妻は腰痛を訴え疲労が蓄積している様子である。適切なのはどれか,訪問看護は介護保険で行われる,水分の摂取を減らすように指導する,機能訓練は訪問リハビリテーションに一任する,患者数が少ないためピアサポートグループは存在しない,正解：訪問看護は介護保険で行われる\n後縦靭帯骨化症は椎骨の公演を上下に連結して背骨の中を縦に走る後縦靭帯が骨化する病気です。後縦靭帯骨化症では神経の圧迫により排尿障害を発症することがあるが、水分制限で解決するものではありません。理学療法士により訪問リハビリテーションの時間は限られています。理学療法士から訪問看護師や妻に安全な機能訓練の方法を助言してもらうなど相互の連携を図ります。後縦靭帯骨化症患者は多くはないですが、公的サービス以外に患者会や家族会などのピアサポートグループが存在します。家族による介護負担が大きい疾患であるため、これらのピアサポートが患者や家族の情報交換や癒しの場となります。第１１４回全国公開模擬試験にあります。,img/11-5.png,在宅
11-6,Aちゃん（3歳、男児）は会社員の父と母との３人暮らし。Aちゃんは痙直型の脳性まひで四肢と体幹の著しい運動性障害があり、姿勢保持が困難で移動および以上は全介助である。誤嚥性肺炎で入退院を繰り返しているため、今回の入院で経鼻経管栄養を導入し、退院後は週１回の訪問看護を利用することになった。Aちゃんの抱き方で適切なのはどれか,腰下、肩に手をまわし身体を密着させて抱きかかえる,頸部と体幹をねじるように抱える,手や足の緊張がより強くなるような姿勢をとる,背中を大きく抱きかかえ、両腕を体の中に巻き込む姿勢をとる,正解：ひざ下ｍ腰に手をまわし身体を密着させて抱える\n痙直型の脳性麻痺では筋緊張が亢進して強い力が入り続けるため、①楽に座ることや寝ることができない、②思うように手足を動かせない、③衣替えや移乗の介護負担が大きい、④疼痛があり不機嫌である、などの問題が生じます。筋緊張をより強めないような姿勢をとる必要があります。体幹のねじれた姿勢は安定性が悪く筋緊張を強めてしまいます。筋緊張を強める姿勢は避けます。両腕を体の中に巻き込む姿勢は肩関節、肘関節に負担をかけるため避けます。第１１４回全国公開模擬試験にあります。,img/11-6.png,在宅
11-7,Aちゃん（3歳、男児）は会社員の父と母との３人暮らし。Aちゃんは痙直型の脳性まひで四肢と体幹の著しい運動性障害があり、姿勢保持が困難で移動および以上は全介助である。誤嚥性肺炎で入退院を繰り返しているため、今回の入院で経鼻経管栄養を導入し、退院後は週１回の訪問看護を利用することになった。訪問看護師が行う経管栄養法の指導で適切なのはどれか,注入後は30分程度、状態を起こす姿勢をとる,注入前にチューブから空気が十分に引けることを確認する,注入中にむせ咳嗽があった場合は滴下速度を落とす,使用した器具は２日ごとに洗浄する,正解：注入後は30分程度、状態を起こす姿勢をとる\n頸管チューブから空気が引ける場合、可能性としていないの空気が為っていることや経管チューブが気管内にあることが考えられます。注入前は経管チューブから胃の内容物が吸引できることを確認します。、注入中にむせや咳嗽があった場合は誤嚥している可能性があるため、いったん注入を停止します。胃内にチューブがあることを確認し、必要時には期間内に分泌物を吸入し、症状が落ち着いてから再開します。感染防止のため、器具は注入ごとに洗浄します。第１１４回全国公開模擬試験にあります。,img/11-7.png,在宅
11-8,Aちゃん（3歳、男児）は会社員の父と母との３人暮らし。Aちゃんは痙直型の脳性まひで四肢と体幹の著しい運動性障害があり、姿勢保持が困難で移動および以上は全介助である。誤嚥性肺炎で入退院を繰り返しているため、今回の入院で経鼻経管栄養を導入し、退院後は週１回の訪問看護を利用することになった。退院後2か月が経過したころ、母親はこれからのことをいろいろ考え滴まいます。気持ちが晴れないセイカ、夜もあまり眠れていません。と疲れた症状で訪問看護師に話した。訪問看護師の母親への対応で最も適切なのはどれか,どんなことに不安を感じているのか尋ねる,Ａちゃんの施設入所の手配をする,地域包括支援センターの利用を進める,今が頑張り時だと明るく励ます,正解：どんなことに不安を感じているのか尋ねる\n母親の心理的ストレスの程度や父親の協力体制、Ａちゃんの状態などを統合的に把握したうえで家族の傾向を尊重すべきです。Ａちゃんは介護保険の利用対象ではありません。母親は眠れないと訴えており、励ましはされなる心理的な負担につながります。Ａちゃんの母親が感じている心理的ストレスを軽減することが必要です。つらい気持ちを吐き出すことで、気持ちが楽になることもあれば、具体的な働きかけが必要な場合もアリアｍす。まずは母親の気持ちに寄り添い、不安に思っていることを尋ね、それに応じた対策を考えていく必要があります。第１１４回全国公開模擬試験にあります。,img/11-8.png,在宅
11-9,Aさん（75歳、男性）は妻と二人暮らし、5年前にパーキンソン病と診断された。現在はホーンヤール重症度分類ステージⅢ、生活機能障害度分類2度であり、在宅で訪問看護を利用しながら、療養中であるAさん夫婦と訪問看護師のパートナーシップナーシングで最も適切なのはどれか,Aさん夫婦と訪問看護師がともに課題解決のために努力する,Aさんのケアの計画は訪問看護師が立てる,間違ったケアに気づいた場合は速やかに指摘する,前の訪問先で時間が延長し、Aさん宅への訪問時間に遅刻しても許される関係性がある,正解：Aさん夫婦と訪問看護師がともに課題解決のために努力する/n暮らしの主体はAさん夫婦です。Aさん夫婦と看護師が互いを理解し、信頼し、尊重して、ともに課題解決に向けた努力をすることが必要です。対象者と訪問看護師のパートナシップナーシングとは両社が対等の立場で同じ目標に向かって取り込むことをいいます。対象者が大切にしていることを尊重し、その人の持つ力を最大限発揮するには看護師が一方的に計画を立てるのではなく互いに話し合って計画します。間違ったケアに気づいた場合でも否定せず頑張りを認めて労うことから始めます。信頼関係が成立したのちにその人に可能なケアを諦観していきます。パートナーシップにおいて約束を守ることは重要です。看護師が忙しいことは理解してもらえるはずというのは思い込みであり、甘えです。どうしても訪問時間に間に合わない場合は事前に連絡を入れるようにします。パーキンソン病のホールヤール分類のステージさんは軽～中等度のパーキンソニズム、姿勢反射障害があり、日常生活に介助不要な状態です。生活機能障害分類二度は日常生活、通院に部分的介助を要する状態です。第１１４回全国公開模擬試験にあります。,img/11-9.png,在宅
11-10,Aさん（65歳、男性）は一人暮らし、脳梗塞後遺症による右片麻痺と軽度の認知症がある。要介護1の認定を受け、介護保険サービスを利用している。Aさんは血圧値の変動が大きく、訪問看護師は処方された数種類の薬物の残量がそろっていないことに気が付いた。Aさんの血圧値の変動は薬物の自己管理が不十分であることも原因ではないかとアセスメントし、多職種で連携した援助が必要であると考えた。多職種で行うAさんへの援助で最も適切なのはどれか,医師あるいは薬剤師の内服薬の一包化について相談する,医師に内服薬を減らせないか相談する,介護支援専門員に毎日内服薬状況を確認してもらうように依頼する,服薬動作の訓練は薬剤師が行う,正解：医師あるいは薬剤師に内服薬の一包化について相談する\n薬剤の一包化は薬剤の自己管理をしやすくすします。その他の自己管理として、食事前に内服薬をテーブルに出しておく、カレンダーに印を付けるなどの工夫があげられます。Aさんに処方された薬剤を減らすことでAさんの内服状況が改善することは考えにくいです。介護支援専門員はケアプランの作成、サービス担当者会議の実施等を行う専門員です。毎日訪問して服薬を確認することは難しく、適切ではありません。服薬動作の訓練など、手指の巧緻性向上のための援助は作業療法士などが行います。作業療法士が行う作業療法とは、身体または精神に障害があるものに対し、主としてその応用的動作尿力または社会的適応能力の回復を図るため、手芸工作、その他作業を行わせることを指します。第１１４回全国公開模擬試験にあります。,img/11-10.png,在宅
11-11,Aさん（70歳、男性）は、妻と二人暮らし。慢性閉塞性肺疾患のため在宅酸素療法を開始し、一か月が経過した。訪問看護師時にAさんから「家にずっといるのは退屈です。酸素療法にもなれたし、そろそろ外出してみようと思っています。何か気を付けることはありますか」と相談があった。看護師の指導で適切なのはどれか,帰宅後はうがい、手洗いを心がけましょう,外出は極力避け、自宅での安静を心がけたほうが良いです。,外出時に苦しくなったら酸素の流量を増やしましょう,外出時にタバコが吸いたくなったら喫煙所を利用しましょう,正解：帰宅後はうがい、手洗いを心がけましょう\n在宅酸素療法とは状態が安定した慢性呼吸不全患者等が酸素濃縮装置や酸素ボンベを用いて在宅で酸素吸入を行うものです。上気道感染により急性増悪をきたすことがあります。上気道感染予防として人込みはなるべく避け、帰宅後にうがい・手洗いを遂行します。また、部屋の換気や温度・湿度のコントロール、栄養バランスの良い食事の摂取、インフルエンザ等の予防接種を受ける等の対策も必要です。在宅酸素療法を行っていると、自宅に引きこもりがちになってなってしまうことがあります。閉じこもりや過度の安静は呼吸機能や精神面にも悪影響を与えるため散歩や軽い運動をすすめるとよいでしょう。酸素の流量や吸入時間は医師が患者の呼吸状態や呼吸困難の程度、動脈血ガス分析の結果などから判断し、支持をするため自己判断で変更してはいけません。酸素流量を自己判断で増やすとＣＯ２ナルコーシスを起こす場合もあります。在宅酸素療法は火気厳禁であり、また、Aさんは慢性閉塞性肺疾患の治療のために禁煙する必要があります。酸素濃縮装置等の使用中は装置の周囲２ｍ以内には火気を置かずにタバコを吸っている人には近づかないようにします。第１１４回全国公開模擬試験にあります。,img/11-11.png,在宅
11-12,地域包括ケアシステムについて適切なのはどれか,本人の選択と本人・家族の心がまえが支援の土台となる,介護支援専門員が連携の中心となる,在宅療養支援診療所では緊急時の入院手配は行わない,訪問入浴サービス業者は体圧分散用具の選定を行う,正解：本人の選択と本人・家族の心がまえが支援の土台となる\n地域包括ケアシステムは重度の要介護状態となっても住み慣れた地域で自分らしい暮らしを人生の最後まで続けることができるよう、住まい・医療・介護・予防生活支援が一体的に提供される仕組みです。地域包括ケアシステムの要素の全ての基礎として地域に暮らす人々の本人の選択と本人・家族の心が前があります。サービスを提供する専門職はそれぞれが独立した機能を持ちつつ、互いに連携しながら一体的に機能することが求められます。特定の職業が中心となるべきではありません。在宅療養支援診療所とは在宅療養者の医療提供に責任を持ちます。24時間365日耐性緊急時の入院の受け入れまたは連携医療機関での入院時のベッドの確保などが要件となっています。訪問入浴サービス業者は自宅での入浴が難しい在宅療養者に入浴サービスを提供します。体圧分散用具の選定は褥瘡のリスクアセスメントを確認したうえで看護師や介護支援専門員、福祉用具専門相談員などが多職種で検討します。第１１４回全国公開模擬試験にあります。,img/11-12.png,在宅

12-1,看護マネジメントのプロセスで業務評価や情報処理労務管理を行うことに該当するのはどれか,統制,計画,組織化,指揮,正解：統制\n看護マネジメントは計画、組織化、指揮、統制の順に行われます。第１１４回全国公開模擬試験にあります。,img/12-1.png,統合
12-2,看護記録について正しいのはどれか,開示は医療機関の管理者に申し立てる,看護記録の保存期間は保健師助産師看護師法に認められている,看護記録の保管義務は初診日から2年である,閲覧できるのは患者本人のみである,正解：開示は医療機関の管理者に申し立てる\n看護記録は診療記録に該当し医療法施行規則により保存期間が二年と定められています。閲覧できるのは原則患者本人とするが患者本人から代理権を与えられた親族、患者が成人で判断能力に疑義がある倍は患者の世話をしている親族などが親族などが患者に代わって開示を求めることができます。第１１４回全国公開模擬試験にあります。,img/12-2.png,統合
12-3,災害現場におけるトリアージで最も適切なのはどれか,トリアージ実施者は原則として治療は行わずトリアージに専念する,右手首が欠損している人のトリアージタッグは手首につける,トリアージタッグの黄色は専門医の治療をほとんど必要としない保留群である,再度トリアージを行った場合は前のタッグを外してから新しいタッグをつける,正解：トリアージ実施者は原則として治療は行わずトリアージに専念する\nトリアージをつける部位の優先順位は右手首、左手首、右足首、左足首、頭部の順です。トリアージの黄色は今すぐ治療をしなくとも生命に危険のない待機治療群です。保留群は緑色です。再度トリアージを行い被災者の状態が重症化した場合は新たな色になるようにタッグのカラー部分をもぎり急記載部分を二重線手消して内容を追加します。軽症化した場合は球タッグに大きくバツ印をつけて新しいタッグを球タッグと同じ部位に就けます。第１１４回全国公開模擬試験にあります。,img/12-3.png,統合
12-4,災害サイクルの急性期における看護の主な活動はどれか,CSCATTT,感染症対策,廃用症候群予防,救援ネットワークの構築,正解：CSCATTT\n急性期は災害発生から72時間から1週間の期間を指します。感染症対策や廃用症候群の予防は亜急性期です。救援ネットワークの構築は災害の起きていない平穏期に行います。第１１４回全国公開模擬試験にあります。,img/12-4.png,統合
12-5,世界保健機関の活動内容はどれか,感染症対策,労働条件の改善,教育・科学・文化の発展,飢餓の撲滅,正解：感染症対策\n労働条件の改善や生活水準の向上は国際労働機関の活動内容です。教育・科学・文化の発展と推進派国際連合教育科学文化気候の活動内容です。飢餓の撲滅や十分な量と質の食糧の確保は国連食糧農業機構の活動内容です。第１１４回全国公開模擬試験にあります。,img/12-5.png,統合
12-6,Aさん（42歳、女性）と夫は観光目的で来日したフランス人夫妻である。Aさんは昨夜より右上腹部痛があり、朝になっても痛みが持続していたため外来を受診した。身長162㎝、体重66kg、体温37.5度、呼吸数24回/分、脈拍90回/分、血圧138/86mmHg、奥羽団は見られない。Aさんは日常会話程度の日本語は理解できるが、夫は母国語以外理解できない。しかし、夫妻はスマートフォンの翻訳アプリを使っているため、簡単な意思疎通は可能である。観光目的の訪日外国人の医療について正しいのはどれか,救急車は無料で呼ぶことができる,ビザや在留資格の確認は不要である,入国前に外来旅行保険に加入していなければ、医療費は全額自己負担となる,外国人患者受け入れ医療機関認証制度で認証された病院のみが外国人患者の受け入れを行っている,正解：救急車は無料で呼ぶことができる\nビザや在留資格の確認は医療機関で必ず必要となります。日本の海外旅行保険には入国後でも加入できます。外国人患者受け入れ医療機関認証制度は外国人患者の受け入れ態勢を第三者的に評価・認証する制度として、厚生労働省が構築したものです。外国人患者が安心、安全に日本の医療サービスを享受するための認証制度であり多言語による診療案内、異文化に配慮した対応などを評価された医療機関を認証していますが、認証された病院でしか医療を受けられないわけではないです。救急車は税金で賄われているため、外国人であっても無料で救急車を呼ぶことができます。第１１４回全国公開模擬試験にあります。,img/12-6.png,統合
12-7,Aさん（42歳、女性）と夫は観光目的で来日したフランス人夫妻である。Aさんは昨夜より右上腹部痛があり、朝になっても痛みが持続していたため外来を受診した。身長162㎝、体重66kg、体温37.5度、呼吸数24回/分、脈拍90回/分、血圧138/86mmHg、奥羽団は見られない。Aさんは日常会話程度の日本語は理解できるが、夫は母国語以外理解できない。しかし、夫妻はスマートフォンの翻訳アプリを使っているため簡単な意思疎通は可能である。Aさんは超音波検査と内視鏡検査により胆石症による急性胆嚢炎と診断され入院となった。入院時の看護師の対応として優先度が高いのはどれか,できる範囲でAさんの症状や現病歴、既往歴を聴取する,Aさんの母国語を理解できる医師を探す,Aさんに日本語が堪能な友達を連れてくるように説明する,問診表をAさんの母国語に翻訳する,正解：できる範囲でAさんの症状や現病歴、既往歴を聴取する\nAさんは日常会話程度の日本語が理解でき、Aさん夫妻とは翻訳アプリを活用することで意思疎通が可能です。また病院では民間の医療機関向けの電話医療翻訳サービスが無料提供されており、厚生労働省のホームページでは外国人向け多言語説明資料一覧が無料でダウンロードできます。資源を有効に使うことは必要ですが、それが看護師に最も期待される役割ではありません。看護師に最も期待されていることは言語に違いにとらわれず、一刻も早く患者に関する必要な情報を入手し、治療や援助につなげることです。第１１４回全国公開模擬試験にあります。,img/12-7.png,統合
12-8,Aさん（42歳、女性）と夫は観光目的で来日したフランス人夫妻である。Aさんは昨夜より右上腹部痛があり、朝になっても痛みが持続していたため外来を受診した。身長162㎝、体重66kg、体温37.5度、呼吸数24回/分、脈拍90回/分、血圧138/86mmHg、奥羽団は見られない。Aさんは日常会話程度の日本語は理解できるが、夫は母国語以外理解できない。しかし、夫妻はスマートフォンの翻訳アプリを使っているため簡単な意思疎通は可能である。Aさんは絶食と点滴、薬物療法により症状が落ち着いたため退院し、帰国後に母国で治療を受けることになった。Aさん夫妻は「帰国前に和食が食べたいのですが、何がいいですか」と看護師に尋ねた。Aさんに進めるものとして適切なのはどれか,寄せ鍋,天ぷら,すき焼き,お好み焼き,正解：寄せ鍋\n胆石症がある場合は脂質やコレステロールの多い食品を控え、食物繊維やビタミンCの多い食品をy図う分にとることが重要です。とくに水溶性食物繊維にはコレステロールの吸収を抑えたりコレステロールを含んだ胆汁を排泄させたりする働きがあります。第１１４回全国公開模擬試験にあります。,img/12-8.png,統合
12-9,複数の業務が同時に発生した場合,もっとも優先順位が高いのはどれか,生命の維持,安全管理,報告・応援要請,ほかの患者への配慮,正解：生命の維持\n複数の業務が同時に発生することを多重課題といいます。多重課題の優先順位を判断する要素として①生命の維持②安全管理③報告・応援要請④時間管理⑤ほかの患者への配慮の5つの視点があげられます。最も優先順位が高いのは①生命の維持です。第１１４回全国公開模擬試験にあります。,img/12-9.png,統合
12-10,医療の安全システム構築のための原則として適切なのはどれか,作業プロセスを標準化する,重要プロセスは複雑化する,人的監視を徹底する,事故報告に対する罰則を作る,正解：作業プロセスは標準化する\n重要プロセスは簡素化します。人的監視には限界があるため依存を避ける体制を作ることが必要です。事故報告には無制裁を保障し報告しやすい環境を作る必要があります。第１１４回全国公開模擬試験にあります。,img/12-10.png,統合
12-11,災害の被災者が外傷後ストレス障害を発症していると診断される時期はどれか,発災から1か月～2年以内,発災から1週間以内,発災から2週～1か月以内,発災から3年以降,正解：発災から1か月から2年以内\n外傷後ストレス障害とは衝撃的出来事を体験した一か月以上たっていても、その時の体験や記憶が無意識に思い出され、夢に見たりすることなどが続き、日常生活に支障をきたすことをいいます。第１１４回全国公開模擬試験にあります。,img/12-11.png,統合
12-12,2014年から2023年にかけてエボラ出血熱が流行した地域はどれか,アフリカ,東南アジア,南米,中国,正解：アフリカ\nエボラ出血熱はエボラウイルスによる一塁感染症です。主に野生動物やエボラ出血熱患者の体液などに接触して感染し、2～21日の潜伏期の後、突然の発熱、頭痛、倦怠感、筋肉痛、咽頭痛等の症状を呈します。次いで、嘔吐、下痢、胸部痛、出血等の症状が現れます。2014年以前には中央アフリカのコンゴ民主共和国を中心に20回以上の流行が確認されています。2014年3月以降、西アフリカのギニア、シエラレオネ及びリベリアを中心に流行し、スペイン、アメリカといったアフリカ大陸以外でも初めて感染者が報告された。その智アフリカでは幾度なくアウトブレイクが続いたが、2023年1月WHOによるウガンダ共和国におけるエボラ出血熱の終息宣言が出されています。第１１４回全国公開模擬試験にあります。,img/12-12.png,統合
